Group,Name,Language,SourceID,Level1 Id,Level2 Id,Level3 Id,Level4 Id,Analyzed [y/n],English,Text,context level,context text,ref Code,Reference,Calculated refCode
Rabbinic,"Mishnah, ΒΒ",Hebrew,2,33,8,1,,n,"There are those who receive inheritance and transmit inheritance;
and there are those who receive inheritance but do not transmit inheritance;
transmit inheritance but do not receive inheritance;
neither receive inheritance nor transmit inheritance.
The following receive inheritance and transmit inheritance:
a father vis-à-vis his sons;
sons vis-à-vis their father;
brothers of the same father [vis-à-vis each other]—
these receive inheritance and transmit inheritance.
A man from his mother;
a man from his wife;
and the sons of sisters—
these receive inheritance but do not transmit inheritance.
A woman to her sons;
and a woman to her husband;
and a mother’s brothers—
these transmit inheritance but do not receive inheritance. And maternal brothers—
these neither receive inheritance nor transmit inheritance.","יש נוחלין ומנחילין, ויש נוחלין ולא מנחילין, מנחילין ולא נוחלין, לא נוחלין ולא מנחילין. ואלו נוחלין ומנחילין, האב את הבנים והבנים את האב והאחין מן האב, נוחלין ומנחילין. האיש את אמו והאיש את אשתו, ובני אחיות, נוחלין ולא מנחילין. האשה את בניה והאשה את בעלה ואחי האם, מנחילין ולא נוחלין. והאחים מן האם, לא נוחלין ולא מנחילין:",Level2,"יש נוחלין ומנחילין, ויש נוחלין ולא מנחילין, מנחילין ולא נוחלין, לא נוחלין ולא מנחילין. ואלו נוחלין ומנחילין, האב את הבנים והבנים את האב והאחין מן האב, נוחלין ומנחילין. האיש את אמו והאיש את אשתו, ובני אחיות, נוחלין ולא מנחילין. האשה את בניה והאשה את בעלה ואחי האם, מנחילין ולא נוחלין. והאחים מן האם, לא נוחלין ולא מנחילין:
סדר נחלות כך הוא, (במדבר כז) איש כי ימות ובן אין לו, והעברתם את נחלתו לבתו, בן קודם לבת, וכל יוצאי ירכו של בן קודמין לבת. בת קודמת לאחין. יוצאי ירכה של בת, קודמין לאחין. אחין קודמין לאחי האב. יוצאי ירכן של אחין, קודמין לאחי האב. זה הכלל, כל הקודם בנחלה, יוצאי ירכו קודמין. והאב קודם לכל יוצאי ירכו:
בנות צלפחד נטלו שלשה חלקים בנחלה. חלק אביהן שהיה עם יוצאי מצרים, וחלקו עם אחיו בנכסי חפר. ושהיה בכור נוטל שני חלקים:
אחד הבן ואחד הבת בנחלה, אלא שהבן נוטל פי שנים בנכסי האב ואינו נוטל פי שנים בנכסי האם. והבנות נזונות מנכסי האב ואינן נזונות מנכסי האם:
האומר איש פלוני בני בכור לא יטל פי שנים, איש פלוני בני לא יירש עם אחיו, לא אמר כלום, שהתנה על מה שכתוב בתורה. המחלק נכסיו לבניו על פיו, רבה לאחד ומעט לאחד והשוה להן את הבכור, דבריו קימין. ואם אמר משום ירשה, לא אמר כלום. כתב בין בתחלה בין באמצע בין בסוף משום מתנה, דבריו קימין. האומר איש פלוני יירשני במקום שיש בת, בתי תירשני במקום שיש בן, לא אמר כלום, שהתנה על מה שכתוב בתורה. רבי יוחנן בן ברוקה אומר, אם אמר על מי שהוא ראוי לירשו, דבריו קימין. ועל מי שאין ראוי לירשו, אין דבריו קימין. הכותב את נכסיו לאחרים והניח את בניו, מה שעשה עשוי, אבל אין רוח חכמים נוחה הימנו. רבן שמעון בן גמליאל אומר, אם לא היו בניו נוהגין כשורה, זכור לטוב:
האומר זה בני, נאמן. זה אחי, אינו נאמן ונוטל עמו בחלקו. מת, יחזרו נכסים למקומן. נפלו לו נכסים ממקום אחר, יירשו אחיו עמו. מי שמת ונמצאת דיתיקי קשורה על ירכו, הרי זו אינה כלום. זכה בה לאחר, בין מן היורשין בין שאינו מן היורשין, דבריו קימין:
הכותב נכסיו לבניו, צריך שיכתב מהיום ולאחר מיתה, דברי רבי יהודה. רבי יוסי אומר, אינו צריך. הכותב נכסיו לבנו לאחר מותו, האב אינו יכול למכר, מפני שהן כתובין לבן, והבן אינו יכול למכר, מפני שהן ברשות האב. מכר האב, מכורין עד שימות. מכר הבן, אין ללוקח בהן כלום עד שימות האב. האב תולש ומאכיל לכל מי שירצה. ומה שהניח תלוש, הרי הוא של יורשין. הניח בנים גדולים וקטנים, אין הגדולים מתפרנסים על הקטנים ולא הקטנים נזונין על הגדולים, אלא חולקין בשוה. נשאו הגדולים, ישאו הקטנים. ואם אמרו קטנים הרי אנו נושאים כדרך שנשאתם אתם, אין שומעין להם, אלא מה שנתן להם אביהם נתן:
הניח בנות גדולות וקטנות, אין הגדולות מתפרנסות על הקטנות ולא הקטנות נזונות על הגדולות, אלא חולקות בשוה. נשאו גדולות, ישאו קטנות. ואם אמרו קטנות, הרי אנו נושאות כדרך שנשאתם אתם, אין שומעין להן. זה חמר בבנות מבבנים, שהבנות נזונות על הבנים ואין נזונות על הבנות:",000200330008000100000000,Mishnah Bava batra 8:1,000200330008000100000000
,"Tosefta,ΒΒ",Hebrew,3,33,7,1,,n,"Whoever is closer [in relationship] than his fellow takes precedence over his fellow. And an inheritance goes on upward, even to Reuben [that is, the ultimate progenitor of the tribe]. And brothers so far as one another are concerned, sisters so far as one another are concerned, brothers so far as the sisters are concerned, and sisters so far as the brothers are concerned, both inherit and bequeath A mamzer causes his relatives to inherit. A gentile and a slave who had intercourse with an Israelite girl, even though thereafter the gentile went and converted, the slave went and was emancipated. his estate is in the status of the estate of a proselyte, or his estate is in the status of a freed slave. So whoever acquired possession of them first gains title to them.","כל שהוא לפנים מחבירו הוא קודם את חבירו. ונחלה משמשת והולכת ועולה, אפי' עד ראובן. בן האחין זה את זה, והאחיות זו את זו, האחין את האחיות, והאחיות את האחין, נוחלין ומנחילין. ממזר מוריש את קרוביו. גוי ועבד הבאו על בת ישראל אפי' חזר הגוי ונתגייר, עבד ונשתחרר, נכסיו כנכסי הגר וכנכסי עבד משוחרר. כל הקודם בהן זכה.",Level2,"כל שהוא לפנים מחבירו הוא קודם את חבירו. ונחלה משמשת והולכת ועולה, אפי' עד ראובן. בן האחין זה את זה, והאחיות זו את זו, האחין את האחיות, והאחיות את האחין, נוחלין ומנחילין. ממזר מוריש את קרוביו. גוי ועבד הבאו על בת ישראל אפי' חזר הגוי ונתגייר, עבד ונשתחרר, נכסיו כנכסי הגר וכנכסי עבד משוחרר. כל הקודם בהן זכה.
נאמנת חיה לומר זה יצא ראשון. אימתי, בזמן שאין שם ערער, אבל יש שם ערער אינה נאמנת. ר' לעזר או' אם הוחזקה על עמדה נאמנת, ואם לאו, אינה נאמנת.
היו מוחזקין בו שהוא בכור, ובשעת מתנה אמ' אינו בכור, אינו נאמן. היו מוחזקין בו שאינו בכור, ובשעת מתנה אמ' בכור הוא, נאמן. היו מוחזקין בו שהוא בכור, ובשעת מיתה אמ' בכור הוא, נאמן. היו מוחזקין בו שהוא בנו, ובשעת מיתתו אמ' בני הוא, נאמן. היו מוחזקין בו שהוא בנו, ובשעת מיתתו אמ' אינו בני, אינו נאמן. שאין בנו, ובשעת מיתתו אמ' בנו הוא, נאמן. היו מוחזקין בו שהוא בנו, ובשעת מיתתו אמ' אחי הוא, אינו נאמן. שהוא אחיו, ובשעת מיתתו אמ' בני הוא, נאמן. היו מוחזקין בו שהוא בנו, ובשעת מיתתו אמ' עבדו הוא, אין נאמן. שהוא עבדו, ובשעת מיתה אמ' בנו הוא, נאמן. היה עומד בין המוכסין ואמ' בני הוא, וחזר ואמ' עבדי הוא, נאמן. עבדי הוא, וחזר ואמ' בני הוא, אין נאמן.
אין הבכור נוטל פי שנים בשבח שהשביחו נכסים לאחר מיתת אביהן. ר' או' אומ' אני הבכור נוטל פי שנים בשבח שהשביחו נכסים לאחר מיתת אביהן, שאף שלו השביח בשלהן. כיצד, היתה לו בהמה מוחכרת, ומושכרת, אצל אחרים, ופרה רועה באפר, הבכור נוטל פי שנים. ואין נוטל פי שנים בזרוע ובלחיים ובקיבה.
ר' או' כל דבר שלא פילפלו בו יתומין לאחר מיתת אביהן הבכור נוטל פי שנים. וחכמים או' אין נוטל פי שנים אלא בכל אשר ימצא לו. אבל בנה בניין, נטע נטיעות, הכל שוין שנוטל פי שנים.
כיצד נוטל פי שנים, ירשו שטרי חוב, הבכור נוטל פי שנים. יצאו עליו שטרי חוב, נותן פי שנים, ואם אמ' אי איפשי שלא ליטול ושלא ליתן, הרשות בידו.
כיצד אין נוטל בראוי כבמוחזק, מת אביו בחיי אביו נוטל פי שנים מנכסי אביו, ואין נוטל פי שנים מנכסי אבי אביו. ואם היה אביו בכור, אף הוא נוטל פי שנים מנכסי אבי אביו.
בנות צלפחד נטלו שלשה חלקין בנחלה, חלק אביהן שהיה מיוצאי מצרים. ר' ליעזר בן יעקב או' אף חלק אחי אביהן, לפי שלא ניתנה הארץ אלא ליוצאי מצרים, ולא נתחלקה אלא לעומדים בערבות מואב, ירש השבט את שבטו וחזר השבט וירש את הראוי לו.
כיצד, שני אחין שהיו מיוצאי מצרים, לאחד יש לו תשעה בנים ולאחד יש לו בן אחד, ולפניהם בית חמשת כורין, תשעה נטלו בית לתך לתך, ואחד נטל בית לתך, החזירום לאבתיהם, חזרו אבות והורישו את הבנים, תשעה נטלו מחצה, ואחד נטל מחצה. ר' שמעון בן לעזר אומ' אף נתחלקה הארץ ליוצאי מצרים, כיצד, היה מן היוצאין ממצרים ומן העומדין בערבות מואב נוטל שני חלקין, מיוצאי מצרים ולא מן העומדין בערבות מואב, ולא מיוצאי מצרים נוטל חלק אחד. המתלוננים, והמרגלים, ועדתו של קרח, לא נטלו חלק בארץ, אבל הבנים ירשו בזכות אבות אבותיהן, ובזכות אמות אמותיהן. וכן היה ר' שמעון בן לעזר או' יהושע וכלב נטלו שלשה חלקים בנחלה, שהן מיוצאי מצרים, ומן העומדים בערבות מואב, ושנטלו חלקן של מרגלים.
וחלק של מרגלים נטלו יהושע וכלב, חלק המלוננים ועדתו של קרח נפל לאמצע, והבנים נחלו לעצמן. וכשם שהבן קודם את הבת בנכסי האב, כך קודם הבן את הבת בנכסי האם. ר' אלעזר בר' יוסי או' משם ר' זכריה בן הקצב, וכן היה ר' שמעון בן יהודה איש כפר איבוס או' משום ר' שמעון, אחד הבן ואחד הבת שוין בנכסי האם. האו' יחלקו בני נכסיי, והיה שם בכור, אם זכו בנכסים בחיי האב אין נוטל פי שנים, ואם לאו, נוטל פי שנים.
האומ' תנו מאתים דינר לפלני בני בכור כראוי לו, נוטל, ונוטל פי שנים. בבכורתו, ידו על העליונה, רצה נוטלן ורצה נוטל פי שנים.
האומ' תנו שדה פלנית לפלני' אשתי בראוי לה, נוטלתה, ונוטלת כתובתה. בכתובתה, ידה על העליונה, רוצה נוטלתה, רוצה נוטלת כתובתה.
האומר תנו מאתים דינר לפל' בעל חובי בחובו, בראוי לו, נוטלו, ונוטל עוד מאתים דינר. בחובו, אין לו אלא חובו.
היתה לו שדה עשויה הפותיקי לאשה בכתובתה, ולבעל חוב בחובו, ואמ' תנו שדה פלנית לפל' אשתי בכתובתה, ולפל' בעל חובי בחובו, נתקבלו, וידן על העליונה.
האומ' תנו חלק לפל' בנכסי יירש עם הבנים. בבכורה אין נוטל פי שנים. האומ' יירשני פל' לא אמ' כלום. תנו נכסיי לפל', דבריו קיימין.
כתב ירושה מלמטה ומתנה מלמעלה, ירושה מלמעלה ומתנה מלמטה, ירושה מכן ומכן ומתנה באמצע, הואיל והזכיר שום מתנה, דבריו קיימין.
ר' יוחנן בן ברוקה אומ' אם אמ' על מי שראוי לו ליורשו, דבריו קיימין, על מי שאינו ראוי לו ליורשו, אין דבריו קיימין. כיצד, אמ' על בת הבן בין הבנים ועל בן הבת בין הבנות, דבריו קיימין. על הבת בין הבנים ועל האח בין הבנות, לא אמ' כלום.",000300330007000100000000,Tosefta Bava Batra 7:1,000300330007000100000000
,Ulpianus,Latin,54,20,1,,,n,"A testament is the legal statement of our will, solemnly made in order that it may become operative after our death.","Testamentum est mentis nostrae iusta contestatio in id sollemniter 
facta, ut post mortem nostram valeat.
",Level 1,"""Testamentum est mentis nostrae iusta contestatio in id sollemniter 
facta, ut post mortem nostram valeat.
""
""Testamentorum genera fuerunt tria, unum, quod calatis comitiis, alterum, 
quod in procinctu, tertium, quod per aes et libram appellatum est. His 
duobus testamentis abolitis hodie solum in usu est, quod per aes et 
libram fit, id est per mancipationem imaginariam. In quo testamento 
libripens adhibetur et familiae emptor et non minus quam quinque testes, 
cum quibus testamenti factio est.""
""Qui in potestate testatoris est aut familiae emptoris, testis aut 
libripens adhiberi non potest, quoniam familiae mancipatio inter 
testatorem et familiae emptorem fit, et ob id domestici testes adhibendi 
non sunt.""
Filio familiam emente pater eius testis esse non potest.
""Ex duobus fratribus, qui in eiusdem patris potestate sunt, alter 
familiae emptor, alter testis esse non potest, quoniam quod unus ex his 
mancipio accipit, adquirit patri, cui filius suus testis esse non debet.
""
""Pater et filius +  qui in potestate eius est, item duo fratres, qui in 
eiusdem patris potestate sunt, testes utrique, vel alter testis, alter 
libripens fieri possunt, alio familiam emente; quoniam nihil nocet ex una 
domo plures testes alieno negotio adhiberi.""
""Mutus, surdus, furiosus, pupillus, femina neque familiae emptor esse, 
neque testis libripensve fieri potest.""
""Latinus Iunianus et familiae emptor et testis et libripens fieri potest, 
quoniam cum eo testamenti factio est.""
""In testamento, quod per aes et libram fit, duae res aguntur, familiae 
mancipatio et nuncupatio testamenti. nuncupatur testamentum in hunc 
modum: tabulas testamenti testator tenens ita dicit: """"haec ut in his 
tabulis cerisve scripta sunt, ita do lego, ita testor; itaque vos, 
Quirites, testimonium perhibetote"""". Quae nuncupatio et """"testatio"""" 
vocatur.""
""Filius familiae testamentum facere non potest, quoniam nihil suum habet, 
ut testari de eo possit. Sed divus Augustus  + Marcus constituit, ut 
filius familiae miles de eo peculio, quod in castris adquisivit, 
testamentum facere possit.""
""Qui de statu suo incertus est factus, quod patre peregre mortuo ignorat, 
se sui iuris esse, testamentum facere non potest.
""
""Inpubes, licet sui iuris sit, facere testamentum non potest, quoniam 
nondum plenum iudicium animi habet.""
""Mutus, surdus, furiosus, item prodigus, cui lege bonis interdictum est, 
testamentum facere non possunt: mutus, quoniam verba nuncupationis loqui 
non potest; surdus, quoniam verba familiae emptoris exaudire non potest; 
furiosus, quoniam mentem non habet, ut testari de ea re possit; prodigus, 
quoniam commercium in illi interdictum est, et ob id familiam mancipare 
non potest.""
""Latinus Iunianus, item is, qui dediticiorum numero est, testamentum 
facere non potest: Latinus quidem, quoniam nominatim lege Iunia 
prohibitum est; is autem, qui dediticiorum numero est, quoniam nec quasi 
civis Romanus testari potest, cum sit peregrinus, nec quasi peregrinus, 
quoniam nullius certae civitatis civis est, ut secundum leges civitatis 
suae testetur.""
""Feminae post duodecimum annum aetatis testamenta facere possunt, tutore 
auctore, donec in tutela sunt.""
""Servus publicus populi Romani partis dimidiae testamenti faciendi habet 
ius.""",005400200001000000000000,"Ulp. 20, 1",005400200001000000000000
,,Latin,54,20,2,,,n,"There were formerly three kinds of wills, one made in the presence of the Comitia, one made when about to enter into battle, and one made by means of a piece of bronze and a balance. The two first having been abolished, at present the only one in use is that made by means of a piece of bronze and a balance, that is to say, by a fictitious sale. In the execution of this kind of a will a balance holder and a purchaser of an estate are present, as well as not less than five witnesses who have testamentary capacity.
","Testamentorum genera fuerunt tria, unum, quod calatis comitiis, alterum, 
quod in procinctu, tertium, quod per aes et libram appellatum est. His 
duobus testamentis abolitis hodie solum in usu est, quod per aes et 
libram fit, id est per mancipationem imaginariam. In quo testamento 
libripens adhibetur et familiae emptor et non minus quam quinque testes, 
cum quibus testamenti factio est.",Level 1,"""Testamentum est mentis nostrae iusta contestatio in id sollemniter 
facta, ut post mortem nostram valeat.
""
""Testamentorum genera fuerunt tria, unum, quod calatis comitiis, alterum, 
quod in procinctu, tertium, quod per aes et libram appellatum est. His 
duobus testamentis abolitis hodie solum in usu est, quod per aes et 
libram fit, id est per mancipationem imaginariam. In quo testamento 
libripens adhibetur et familiae emptor et non minus quam quinque testes, 
cum quibus testamenti factio est.""
""Qui in potestate testatoris est aut familiae emptoris, testis aut 
libripens adhiberi non potest, quoniam familiae mancipatio inter 
testatorem et familiae emptorem fit, et ob id domestici testes adhibendi 
non sunt.""
Filio familiam emente pater eius testis esse non potest.
""Ex duobus fratribus, qui in eiusdem patris potestate sunt, alter 
familiae emptor, alter testis esse non potest, quoniam quod unus ex his 
mancipio accipit, adquirit patri, cui filius suus testis esse non debet.
""
""Pater et filius +  qui in potestate eius est, item duo fratres, qui in 
eiusdem patris potestate sunt, testes utrique, vel alter testis, alter 
libripens fieri possunt, alio familiam emente; quoniam nihil nocet ex una 
domo plures testes alieno negotio adhiberi.""
""Mutus, surdus, furiosus, pupillus, femina neque familiae emptor esse, 
neque testis libripensve fieri potest.""
""Latinus Iunianus et familiae emptor et testis et libripens fieri potest, 
quoniam cum eo testamenti factio est.""
""In testamento, quod per aes et libram fit, duae res aguntur, familiae 
mancipatio et nuncupatio testamenti. nuncupatur testamentum in hunc 
modum: tabulas testamenti testator tenens ita dicit: """"haec ut in his 
tabulis cerisve scripta sunt, ita do lego, ita testor; itaque vos, 
Quirites, testimonium perhibetote"""". Quae nuncupatio et """"testatio"""" 
vocatur.""
""Filius familiae testamentum facere non potest, quoniam nihil suum habet, 
ut testari de eo possit. Sed divus Augustus  + Marcus constituit, ut 
filius familiae miles de eo peculio, quod in castris adquisivit, 
testamentum facere possit.""
""Qui de statu suo incertus est factus, quod patre peregre mortuo ignorat, 
se sui iuris esse, testamentum facere non potest.
""
""Inpubes, licet sui iuris sit, facere testamentum non potest, quoniam 
nondum plenum iudicium animi habet.""
""Mutus, surdus, furiosus, item prodigus, cui lege bonis interdictum est, 
testamentum facere non possunt: mutus, quoniam verba nuncupationis loqui 
non potest; surdus, quoniam verba familiae emptoris exaudire non potest; 
furiosus, quoniam mentem non habet, ut testari de ea re possit; prodigus, 
quoniam commercium in illi interdictum est, et ob id familiam mancipare 
non potest.""
""Latinus Iunianus, item is, qui dediticiorum numero est, testamentum 
facere non potest: Latinus quidem, quoniam nominatim lege Iunia 
prohibitum est; is autem, qui dediticiorum numero est, quoniam nec quasi 
civis Romanus testari potest, cum sit peregrinus, nec quasi peregrinus, 
quoniam nullius certae civitatis civis est, ut secundum leges civitatis 
suae testetur.""
""Feminae post duodecimum annum aetatis testamenta facere possunt, tutore 
auctore, donec in tutela sunt.""
""Servus publicus populi Romani partis dimidiae testamenti faciendi habet 
ius.""",005400200002000000000000,"Ulp. 20, 2",005400200002000000000000
,,Latin,54,20,3,,,n,"No one who is under the control of the testator or of the purchaser of the estate can act either as a witness or balance-holder; as the sale of the estate takes place between the testator and the purchaser, and for this reason members of their households cannot act as witnesses.","Qui in potestate testatoris est aut familiae emptoris, testis aut 
libripens adhiberi non potest, quoniam familiae mancipatio inter 
testatorem et familiae emptorem fit, et ob id domestici testes adhibendi 
non sunt.",Level 1,"""Testamentum est mentis nostrae iusta contestatio in id sollemniter 
facta, ut post mortem nostram valeat.
""
""Testamentorum genera fuerunt tria, unum, quod calatis comitiis, alterum, 
quod in procinctu, tertium, quod per aes et libram appellatum est. His 
duobus testamentis abolitis hodie solum in usu est, quod per aes et 
libram fit, id est per mancipationem imaginariam. In quo testamento 
libripens adhibetur et familiae emptor et non minus quam quinque testes, 
cum quibus testamenti factio est.""
""Qui in potestate testatoris est aut familiae emptoris, testis aut 
libripens adhiberi non potest, quoniam familiae mancipatio inter 
testatorem et familiae emptorem fit, et ob id domestici testes adhibendi 
non sunt.""
Filio familiam emente pater eius testis esse non potest.
""Ex duobus fratribus, qui in eiusdem patris potestate sunt, alter 
familiae emptor, alter testis esse non potest, quoniam quod unus ex his 
mancipio accipit, adquirit patri, cui filius suus testis esse non debet.
""
""Pater et filius +  qui in potestate eius est, item duo fratres, qui in 
eiusdem patris potestate sunt, testes utrique, vel alter testis, alter 
libripens fieri possunt, alio familiam emente; quoniam nihil nocet ex una 
domo plures testes alieno negotio adhiberi.""
""Mutus, surdus, furiosus, pupillus, femina neque familiae emptor esse, 
neque testis libripensve fieri potest.""
""Latinus Iunianus et familiae emptor et testis et libripens fieri potest, 
quoniam cum eo testamenti factio est.""
""In testamento, quod per aes et libram fit, duae res aguntur, familiae 
mancipatio et nuncupatio testamenti. nuncupatur testamentum in hunc 
modum: tabulas testamenti testator tenens ita dicit: """"haec ut in his 
tabulis cerisve scripta sunt, ita do lego, ita testor; itaque vos, 
Quirites, testimonium perhibetote"""". Quae nuncupatio et """"testatio"""" 
vocatur.""
""Filius familiae testamentum facere non potest, quoniam nihil suum habet, 
ut testari de eo possit. Sed divus Augustus  + Marcus constituit, ut 
filius familiae miles de eo peculio, quod in castris adquisivit, 
testamentum facere possit.""
""Qui de statu suo incertus est factus, quod patre peregre mortuo ignorat, 
se sui iuris esse, testamentum facere non potest.
""
""Inpubes, licet sui iuris sit, facere testamentum non potest, quoniam 
nondum plenum iudicium animi habet.""
""Mutus, surdus, furiosus, item prodigus, cui lege bonis interdictum est, 
testamentum facere non possunt: mutus, quoniam verba nuncupationis loqui 
non potest; surdus, quoniam verba familiae emptoris exaudire non potest; 
furiosus, quoniam mentem non habet, ut testari de ea re possit; prodigus, 
quoniam commercium in illi interdictum est, et ob id familiam mancipare 
non potest.""
""Latinus Iunianus, item is, qui dediticiorum numero est, testamentum 
facere non potest: Latinus quidem, quoniam nominatim lege Iunia 
prohibitum est; is autem, qui dediticiorum numero est, quoniam nec quasi 
civis Romanus testari potest, cum sit peregrinus, nec quasi peregrinus, 
quoniam nullius certae civitatis civis est, ut secundum leges civitatis 
suae testetur.""
""Feminae post duodecimum annum aetatis testamenta facere possunt, tutore 
auctore, donec in tutela sunt.""
""Servus publicus populi Romani partis dimidiae testamenti faciendi habet 
ius.""",005400200003000000000000,"Ulp. 20, 3",005400200003000000000000
,,Latin,54,20,4,,,n, If a son is the purchaser his father cannot be a witness.,"Filio familiam emente pater eius testis esse non potest.",Level 1,"""Testamentum est mentis nostrae iusta contestatio in id sollemniter 
facta, ut post mortem nostram valeat.
""
""Testamentorum genera fuerunt tria, unum, quod calatis comitiis, alterum, 
quod in procinctu, tertium, quod per aes et libram appellatum est. His 
duobus testamentis abolitis hodie solum in usu est, quod per aes et 
libram fit, id est per mancipationem imaginariam. In quo testamento 
libripens adhibetur et familiae emptor et non minus quam quinque testes, 
cum quibus testamenti factio est.""
""Qui in potestate testatoris est aut familiae emptoris, testis aut 
libripens adhiberi non potest, quoniam familiae mancipatio inter 
testatorem et familiae emptorem fit, et ob id domestici testes adhibendi 
non sunt.""
Filio familiam emente pater eius testis esse non potest.
""Ex duobus fratribus, qui in eiusdem patris potestate sunt, alter 
familiae emptor, alter testis esse non potest, quoniam quod unus ex his 
mancipio accipit, adquirit patri, cui filius suus testis esse non debet.
""
""Pater et filius +  qui in potestate eius est, item duo fratres, qui in 
eiusdem patris potestate sunt, testes utrique, vel alter testis, alter 
libripens fieri possunt, alio familiam emente; quoniam nihil nocet ex una 
domo plures testes alieno negotio adhiberi.""
""Mutus, surdus, furiosus, pupillus, femina neque familiae emptor esse, 
neque testis libripensve fieri potest.""
""Latinus Iunianus et familiae emptor et testis et libripens fieri potest, 
quoniam cum eo testamenti factio est.""
""In testamento, quod per aes et libram fit, duae res aguntur, familiae 
mancipatio et nuncupatio testamenti. nuncupatur testamentum in hunc 
modum: tabulas testamenti testator tenens ita dicit: """"haec ut in his 
tabulis cerisve scripta sunt, ita do lego, ita testor; itaque vos, 
Quirites, testimonium perhibetote"""". Quae nuncupatio et """"testatio"""" 
vocatur.""
""Filius familiae testamentum facere non potest, quoniam nihil suum habet, 
ut testari de eo possit. Sed divus Augustus  + Marcus constituit, ut 
filius familiae miles de eo peculio, quod in castris adquisivit, 
testamentum facere possit.""
""Qui de statu suo incertus est factus, quod patre peregre mortuo ignorat, 
se sui iuris esse, testamentum facere non potest.
""
""Inpubes, licet sui iuris sit, facere testamentum non potest, quoniam 
nondum plenum iudicium animi habet.""
""Mutus, surdus, furiosus, item prodigus, cui lege bonis interdictum est, 
testamentum facere non possunt: mutus, quoniam verba nuncupationis loqui 
non potest; surdus, quoniam verba familiae emptoris exaudire non potest; 
furiosus, quoniam mentem non habet, ut testari de ea re possit; prodigus, 
quoniam commercium in illi interdictum est, et ob id familiam mancipare 
non potest.""
""Latinus Iunianus, item is, qui dediticiorum numero est, testamentum 
facere non potest: Latinus quidem, quoniam nominatim lege Iunia 
prohibitum est; is autem, qui dediticiorum numero est, quoniam nec quasi 
civis Romanus testari potest, cum sit peregrinus, nec quasi peregrinus, 
quoniam nullius certae civitatis civis est, ut secundum leges civitatis 
suae testetur.""
""Feminae post duodecimum annum aetatis testamenta facere possunt, tutore 
auctore, donec in tutela sunt.""
""Servus publicus populi Romani partis dimidiae testamenti faciendi habet 
ius.""",005400200004000000000000,"Ulp. 20, 4",005400200004000000000000
,,Latin,54,20,5,,,n,"Of two brothers who are under the control of the same father, one cannot act as purchaser and the other as a witness; as what one of them receives by the sale he acquires for his father, and a son of the latter should not be a witness to this transaction.","Ex duobus fratribus, qui in eiusdem patris potestate sunt, alter 
familiae emptor, alter testis esse non potest, quoniam quod unus ex his 
mancipio accipit, adquirit patri, cui filius suus testis esse non debet.
",Level 1,"""Testamentum est mentis nostrae iusta contestatio in id sollemniter 
facta, ut post mortem nostram valeat.
""
""Testamentorum genera fuerunt tria, unum, quod calatis comitiis, alterum, 
quod in procinctu, tertium, quod per aes et libram appellatum est. His 
duobus testamentis abolitis hodie solum in usu est, quod per aes et 
libram fit, id est per mancipationem imaginariam. In quo testamento 
libripens adhibetur et familiae emptor et non minus quam quinque testes, 
cum quibus testamenti factio est.""
""Qui in potestate testatoris est aut familiae emptoris, testis aut 
libripens adhiberi non potest, quoniam familiae mancipatio inter 
testatorem et familiae emptorem fit, et ob id domestici testes adhibendi 
non sunt.""
Filio familiam emente pater eius testis esse non potest.
""Ex duobus fratribus, qui in eiusdem patris potestate sunt, alter 
familiae emptor, alter testis esse non potest, quoniam quod unus ex his 
mancipio accipit, adquirit patri, cui filius suus testis esse non debet.
""
""Pater et filius +  qui in potestate eius est, item duo fratres, qui in 
eiusdem patris potestate sunt, testes utrique, vel alter testis, alter 
libripens fieri possunt, alio familiam emente; quoniam nihil nocet ex una 
domo plures testes alieno negotio adhiberi.""
""Mutus, surdus, furiosus, pupillus, femina neque familiae emptor esse, 
neque testis libripensve fieri potest.""
""Latinus Iunianus et familiae emptor et testis et libripens fieri potest, 
quoniam cum eo testamenti factio est.""
""In testamento, quod per aes et libram fit, duae res aguntur, familiae 
mancipatio et nuncupatio testamenti. nuncupatur testamentum in hunc 
modum: tabulas testamenti testator tenens ita dicit: """"haec ut in his 
tabulis cerisve scripta sunt, ita do lego, ita testor; itaque vos, 
Quirites, testimonium perhibetote"""". Quae nuncupatio et """"testatio"""" 
vocatur.""
""Filius familiae testamentum facere non potest, quoniam nihil suum habet, 
ut testari de eo possit. Sed divus Augustus  + Marcus constituit, ut 
filius familiae miles de eo peculio, quod in castris adquisivit, 
testamentum facere possit.""
""Qui de statu suo incertus est factus, quod patre peregre mortuo ignorat, 
se sui iuris esse, testamentum facere non potest.
""
""Inpubes, licet sui iuris sit, facere testamentum non potest, quoniam 
nondum plenum iudicium animi habet.""
""Mutus, surdus, furiosus, item prodigus, cui lege bonis interdictum est, 
testamentum facere non possunt: mutus, quoniam verba nuncupationis loqui 
non potest; surdus, quoniam verba familiae emptoris exaudire non potest; 
furiosus, quoniam mentem non habet, ut testari de ea re possit; prodigus, 
quoniam commercium in illi interdictum est, et ob id familiam mancipare 
non potest.""
""Latinus Iunianus, item is, qui dediticiorum numero est, testamentum 
facere non potest: Latinus quidem, quoniam nominatim lege Iunia 
prohibitum est; is autem, qui dediticiorum numero est, quoniam nec quasi 
civis Romanus testari potest, cum sit peregrinus, nec quasi peregrinus, 
quoniam nullius certae civitatis civis est, ut secundum leges civitatis 
suae testetur.""
""Feminae post duodecimum annum aetatis testamenta facere possunt, tutore 
auctore, donec in tutela sunt.""
""Servus publicus populi Romani partis dimidiae testamenti faciendi habet 
ius.""",005400200005000000000000,"Ulp. 20, 5",005400200005000000000000
,,Latin,54,20,6,,,n,"A father, however, and a son who is under his control, as well as two brothers who are under the control of the same father, can both be witnesses; or one can be a witness, and the other the balance-holder, when a third party is the purchaser of the estate; as no harm results where several witnesses are taken from the same household in a transaction with a stranger.

","Pater et filius +  qui in potestate eius est, item duo fratres, qui in 
eiusdem patris potestate sunt, testes utrique, vel alter testis, alter 
libripens fieri possunt, alio familiam emente; quoniam nihil nocet ex una 
domo plures testes alieno negotio adhiberi.",Level 1,"""Testamentum est mentis nostrae iusta contestatio in id sollemniter 
facta, ut post mortem nostram valeat.
""
""Testamentorum genera fuerunt tria, unum, quod calatis comitiis, alterum, 
quod in procinctu, tertium, quod per aes et libram appellatum est. His 
duobus testamentis abolitis hodie solum in usu est, quod per aes et 
libram fit, id est per mancipationem imaginariam. In quo testamento 
libripens adhibetur et familiae emptor et non minus quam quinque testes, 
cum quibus testamenti factio est.""
""Qui in potestate testatoris est aut familiae emptoris, testis aut 
libripens adhiberi non potest, quoniam familiae mancipatio inter 
testatorem et familiae emptorem fit, et ob id domestici testes adhibendi 
non sunt.""
Filio familiam emente pater eius testis esse non potest.
""Ex duobus fratribus, qui in eiusdem patris potestate sunt, alter 
familiae emptor, alter testis esse non potest, quoniam quod unus ex his 
mancipio accipit, adquirit patri, cui filius suus testis esse non debet.
""
""Pater et filius +  qui in potestate eius est, item duo fratres, qui in 
eiusdem patris potestate sunt, testes utrique, vel alter testis, alter 
libripens fieri possunt, alio familiam emente; quoniam nihil nocet ex una 
domo plures testes alieno negotio adhiberi.""
""Mutus, surdus, furiosus, pupillus, femina neque familiae emptor esse, 
neque testis libripensve fieri potest.""
""Latinus Iunianus et familiae emptor et testis et libripens fieri potest, 
quoniam cum eo testamenti factio est.""
""In testamento, quod per aes et libram fit, duae res aguntur, familiae 
mancipatio et nuncupatio testamenti. nuncupatur testamentum in hunc 
modum: tabulas testamenti testator tenens ita dicit: """"haec ut in his 
tabulis cerisve scripta sunt, ita do lego, ita testor; itaque vos, 
Quirites, testimonium perhibetote"""". Quae nuncupatio et """"testatio"""" 
vocatur.""
""Filius familiae testamentum facere non potest, quoniam nihil suum habet, 
ut testari de eo possit. Sed divus Augustus  + Marcus constituit, ut 
filius familiae miles de eo peculio, quod in castris adquisivit, 
testamentum facere possit.""
""Qui de statu suo incertus est factus, quod patre peregre mortuo ignorat, 
se sui iuris esse, testamentum facere non potest.
""
""Inpubes, licet sui iuris sit, facere testamentum non potest, quoniam 
nondum plenum iudicium animi habet.""
""Mutus, surdus, furiosus, item prodigus, cui lege bonis interdictum est, 
testamentum facere non possunt: mutus, quoniam verba nuncupationis loqui 
non potest; surdus, quoniam verba familiae emptoris exaudire non potest; 
furiosus, quoniam mentem non habet, ut testari de ea re possit; prodigus, 
quoniam commercium in illi interdictum est, et ob id familiam mancipare 
non potest.""
""Latinus Iunianus, item is, qui dediticiorum numero est, testamentum 
facere non potest: Latinus quidem, quoniam nominatim lege Iunia 
prohibitum est; is autem, qui dediticiorum numero est, quoniam nec quasi 
civis Romanus testari potest, cum sit peregrinus, nec quasi peregrinus, 
quoniam nullius certae civitatis civis est, ut secundum leges civitatis 
suae testetur.""
""Feminae post duodecimum annum aetatis testamenta facere possunt, tutore 
auctore, donec in tutela sunt.""
""Servus publicus populi Romani partis dimidiae testamenti faciendi habet 
ius.""",005400200006000000000000,"Ulp. 20, 6",005400200006000000000000
,,Latin,54,20,7,,,n,"A person who is deaf, dumb, or insane, a minor, or a woman cannot act either as purchaser or balance-holder.

","Mutus, surdus, furiosus, pupillus, femina neque familiae emptor esse, 
neque testis libripensve fieri potest.",Level 1,"""Testamentum est mentis nostrae iusta contestatio in id sollemniter 
facta, ut post mortem nostram valeat.
""
""Testamentorum genera fuerunt tria, unum, quod calatis comitiis, alterum, 
quod in procinctu, tertium, quod per aes et libram appellatum est. His 
duobus testamentis abolitis hodie solum in usu est, quod per aes et 
libram fit, id est per mancipationem imaginariam. In quo testamento 
libripens adhibetur et familiae emptor et non minus quam quinque testes, 
cum quibus testamenti factio est.""
""Qui in potestate testatoris est aut familiae emptoris, testis aut 
libripens adhiberi non potest, quoniam familiae mancipatio inter 
testatorem et familiae emptorem fit, et ob id domestici testes adhibendi 
non sunt.""
Filio familiam emente pater eius testis esse non potest.
""Ex duobus fratribus, qui in eiusdem patris potestate sunt, alter 
familiae emptor, alter testis esse non potest, quoniam quod unus ex his 
mancipio accipit, adquirit patri, cui filius suus testis esse non debet.
""
""Pater et filius +  qui in potestate eius est, item duo fratres, qui in 
eiusdem patris potestate sunt, testes utrique, vel alter testis, alter 
libripens fieri possunt, alio familiam emente; quoniam nihil nocet ex una 
domo plures testes alieno negotio adhiberi.""
""Mutus, surdus, furiosus, pupillus, femina neque familiae emptor esse, 
neque testis libripensve fieri potest.""
""Latinus Iunianus et familiae emptor et testis et libripens fieri potest, 
quoniam cum eo testamenti factio est.""
""In testamento, quod per aes et libram fit, duae res aguntur, familiae 
mancipatio et nuncupatio testamenti. nuncupatur testamentum in hunc 
modum: tabulas testamenti testator tenens ita dicit: """"haec ut in his 
tabulis cerisve scripta sunt, ita do lego, ita testor; itaque vos, 
Quirites, testimonium perhibetote"""". Quae nuncupatio et """"testatio"""" 
vocatur.""
""Filius familiae testamentum facere non potest, quoniam nihil suum habet, 
ut testari de eo possit. Sed divus Augustus  + Marcus constituit, ut 
filius familiae miles de eo peculio, quod in castris adquisivit, 
testamentum facere possit.""
""Qui de statu suo incertus est factus, quod patre peregre mortuo ignorat, 
se sui iuris esse, testamentum facere non potest.
""
""Inpubes, licet sui iuris sit, facere testamentum non potest, quoniam 
nondum plenum iudicium animi habet.""
""Mutus, surdus, furiosus, item prodigus, cui lege bonis interdictum est, 
testamentum facere non possunt: mutus, quoniam verba nuncupationis loqui 
non potest; surdus, quoniam verba familiae emptoris exaudire non potest; 
furiosus, quoniam mentem non habet, ut testari de ea re possit; prodigus, 
quoniam commercium in illi interdictum est, et ob id familiam mancipare 
non potest.""
""Latinus Iunianus, item is, qui dediticiorum numero est, testamentum 
facere non potest: Latinus quidem, quoniam nominatim lege Iunia 
prohibitum est; is autem, qui dediticiorum numero est, quoniam nec quasi 
civis Romanus testari potest, cum sit peregrinus, nec quasi peregrinus, 
quoniam nullius certae civitatis civis est, ut secundum leges civitatis 
suae testetur.""
""Feminae post duodecimum annum aetatis testamenta facere possunt, tutore 
auctore, donec in tutela sunt.""
""Servus publicus populi Romani partis dimidiae testamenti faciendi habet 
ius.""",005400200007000000000000,"Ulp. 20, 7",005400200007000000000000
,,Latin,54,20,8,,,n,"A Junian Latin may act either as purchaser, witness, or balance-holder, as he has no right to make a will","Latinus Iunianus et familiae emptor et testis et libripens fieri potest, 
quoniam cum eo testamenti factio est.",Level 1,"""Testamentum est mentis nostrae iusta contestatio in id sollemniter 
facta, ut post mortem nostram valeat.
""
""Testamentorum genera fuerunt tria, unum, quod calatis comitiis, alterum, 
quod in procinctu, tertium, quod per aes et libram appellatum est. His 
duobus testamentis abolitis hodie solum in usu est, quod per aes et 
libram fit, id est per mancipationem imaginariam. In quo testamento 
libripens adhibetur et familiae emptor et non minus quam quinque testes, 
cum quibus testamenti factio est.""
""Qui in potestate testatoris est aut familiae emptoris, testis aut 
libripens adhiberi non potest, quoniam familiae mancipatio inter 
testatorem et familiae emptorem fit, et ob id domestici testes adhibendi 
non sunt.""
Filio familiam emente pater eius testis esse non potest.
""Ex duobus fratribus, qui in eiusdem patris potestate sunt, alter 
familiae emptor, alter testis esse non potest, quoniam quod unus ex his 
mancipio accipit, adquirit patri, cui filius suus testis esse non debet.
""
""Pater et filius +  qui in potestate eius est, item duo fratres, qui in 
eiusdem patris potestate sunt, testes utrique, vel alter testis, alter 
libripens fieri possunt, alio familiam emente; quoniam nihil nocet ex una 
domo plures testes alieno negotio adhiberi.""
""Mutus, surdus, furiosus, pupillus, femina neque familiae emptor esse, 
neque testis libripensve fieri potest.""
""Latinus Iunianus et familiae emptor et testis et libripens fieri potest, 
quoniam cum eo testamenti factio est.""
""In testamento, quod per aes et libram fit, duae res aguntur, familiae 
mancipatio et nuncupatio testamenti. nuncupatur testamentum in hunc 
modum: tabulas testamenti testator tenens ita dicit: """"haec ut in his 
tabulis cerisve scripta sunt, ita do lego, ita testor; itaque vos, 
Quirites, testimonium perhibetote"""". Quae nuncupatio et """"testatio"""" 
vocatur.""
""Filius familiae testamentum facere non potest, quoniam nihil suum habet, 
ut testari de eo possit. Sed divus Augustus  + Marcus constituit, ut 
filius familiae miles de eo peculio, quod in castris adquisivit, 
testamentum facere possit.""
""Qui de statu suo incertus est factus, quod patre peregre mortuo ignorat, 
se sui iuris esse, testamentum facere non potest.
""
""Inpubes, licet sui iuris sit, facere testamentum non potest, quoniam 
nondum plenum iudicium animi habet.""
""Mutus, surdus, furiosus, item prodigus, cui lege bonis interdictum est, 
testamentum facere non possunt: mutus, quoniam verba nuncupationis loqui 
non potest; surdus, quoniam verba familiae emptoris exaudire non potest; 
furiosus, quoniam mentem non habet, ut testari de ea re possit; prodigus, 
quoniam commercium in illi interdictum est, et ob id familiam mancipare 
non potest.""
""Latinus Iunianus, item is, qui dediticiorum numero est, testamentum 
facere non potest: Latinus quidem, quoniam nominatim lege Iunia 
prohibitum est; is autem, qui dediticiorum numero est, quoniam nec quasi 
civis Romanus testari potest, cum sit peregrinus, nec quasi peregrinus, 
quoniam nullius certae civitatis civis est, ut secundum leges civitatis 
suae testetur.""
""Feminae post duodecimum annum aetatis testamenta facere possunt, tutore 
auctore, donec in tutela sunt.""
""Servus publicus populi Romani partis dimidiae testamenti faciendi habet 
ius.""",005400200008000000000000,"Ulp. 20, 8",005400200008000000000000
,,Latin,54,20,9,,,n,"In a will made by means of a piece of bronze and a balance, two things take place, the sale of the estate, and the declaration with reference to the will. The declaration with reference to the will is made in the following manner; the testator holding the will in his hands says: ""Whatever is written in these waxen tablets I give, bequeath, and declare to be my will, and therefore do you, Roman citizens, give your testimony."" This verbal statement is also called an attestation.

","In testamento, quod per aes et libram fit, duae res aguntur, familiae 
mancipatio et nuncupatio testamenti. nuncupatur testamentum in hunc 
modum: tabulas testamenti testator tenens ita dicit: ""haec ut in his 
tabulis cerisve scripta sunt, ita do lego, ita testor; itaque vos, 
Quirites, testimonium perhibetote"". Quae nuncupatio et ""testatio"" 
vocatur.",Level 1,"""Testamentum est mentis nostrae iusta contestatio in id sollemniter 
facta, ut post mortem nostram valeat.
""
""Testamentorum genera fuerunt tria, unum, quod calatis comitiis, alterum, 
quod in procinctu, tertium, quod per aes et libram appellatum est. His 
duobus testamentis abolitis hodie solum in usu est, quod per aes et 
libram fit, id est per mancipationem imaginariam. In quo testamento 
libripens adhibetur et familiae emptor et non minus quam quinque testes, 
cum quibus testamenti factio est.""
""Qui in potestate testatoris est aut familiae emptoris, testis aut 
libripens adhiberi non potest, quoniam familiae mancipatio inter 
testatorem et familiae emptorem fit, et ob id domestici testes adhibendi 
non sunt.""
Filio familiam emente pater eius testis esse non potest.
""Ex duobus fratribus, qui in eiusdem patris potestate sunt, alter 
familiae emptor, alter testis esse non potest, quoniam quod unus ex his 
mancipio accipit, adquirit patri, cui filius suus testis esse non debet.
""
""Pater et filius +  qui in potestate eius est, item duo fratres, qui in 
eiusdem patris potestate sunt, testes utrique, vel alter testis, alter 
libripens fieri possunt, alio familiam emente; quoniam nihil nocet ex una 
domo plures testes alieno negotio adhiberi.""
""Mutus, surdus, furiosus, pupillus, femina neque familiae emptor esse, 
neque testis libripensve fieri potest.""
""Latinus Iunianus et familiae emptor et testis et libripens fieri potest, 
quoniam cum eo testamenti factio est.""
""In testamento, quod per aes et libram fit, duae res aguntur, familiae 
mancipatio et nuncupatio testamenti. nuncupatur testamentum in hunc 
modum: tabulas testamenti testator tenens ita dicit: """"haec ut in his 
tabulis cerisve scripta sunt, ita do lego, ita testor; itaque vos, 
Quirites, testimonium perhibetote"""". Quae nuncupatio et """"testatio"""" 
vocatur.""
""Filius familiae testamentum facere non potest, quoniam nihil suum habet, 
ut testari de eo possit. Sed divus Augustus  + Marcus constituit, ut 
filius familiae miles de eo peculio, quod in castris adquisivit, 
testamentum facere possit.""
""Qui de statu suo incertus est factus, quod patre peregre mortuo ignorat, 
se sui iuris esse, testamentum facere non potest.
""
""Inpubes, licet sui iuris sit, facere testamentum non potest, quoniam 
nondum plenum iudicium animi habet.""
""Mutus, surdus, furiosus, item prodigus, cui lege bonis interdictum est, 
testamentum facere non possunt: mutus, quoniam verba nuncupationis loqui 
non potest; surdus, quoniam verba familiae emptoris exaudire non potest; 
furiosus, quoniam mentem non habet, ut testari de ea re possit; prodigus, 
quoniam commercium in illi interdictum est, et ob id familiam mancipare 
non potest.""
""Latinus Iunianus, item is, qui dediticiorum numero est, testamentum 
facere non potest: Latinus quidem, quoniam nominatim lege Iunia 
prohibitum est; is autem, qui dediticiorum numero est, quoniam nec quasi 
civis Romanus testari potest, cum sit peregrinus, nec quasi peregrinus, 
quoniam nullius certae civitatis civis est, ut secundum leges civitatis 
suae testetur.""
""Feminae post duodecimum annum aetatis testamenta facere possunt, tutore 
auctore, donec in tutela sunt.""
""Servus publicus populi Romani partis dimidiae testamenti faciendi habet 
ius.""",005400200009000000000000,"Ulp. 20, 9",005400200009000000000000
,,Latin,54,20,10,,,n,"A son under paternal control cannot execute a will as he has nothing of his own of which to make testamentary disposition. The Divine Augustus, however, granted as a military privilege, that a son under paternal control who was a soldier, could make a will disposing of the peculium which he had acquired while in camp.","Filius familiae testamentum facere non potest, quoniam nihil suum habet, 
ut testari de eo possit. Sed divus Augustus  + Marcus constituit, ut 
filius familiae miles de eo peculio, quod in castris adquisivit, 
testamentum facere possit.",Level 1,"""Testamentum est mentis nostrae iusta contestatio in id sollemniter 
facta, ut post mortem nostram valeat.
""
""Testamentorum genera fuerunt tria, unum, quod calatis comitiis, alterum, 
quod in procinctu, tertium, quod per aes et libram appellatum est. His 
duobus testamentis abolitis hodie solum in usu est, quod per aes et 
libram fit, id est per mancipationem imaginariam. In quo testamento 
libripens adhibetur et familiae emptor et non minus quam quinque testes, 
cum quibus testamenti factio est.""
""Qui in potestate testatoris est aut familiae emptoris, testis aut 
libripens adhiberi non potest, quoniam familiae mancipatio inter 
testatorem et familiae emptorem fit, et ob id domestici testes adhibendi 
non sunt.""
Filio familiam emente pater eius testis esse non potest.
""Ex duobus fratribus, qui in eiusdem patris potestate sunt, alter 
familiae emptor, alter testis esse non potest, quoniam quod unus ex his 
mancipio accipit, adquirit patri, cui filius suus testis esse non debet.
""
""Pater et filius +  qui in potestate eius est, item duo fratres, qui in 
eiusdem patris potestate sunt, testes utrique, vel alter testis, alter 
libripens fieri possunt, alio familiam emente; quoniam nihil nocet ex una 
domo plures testes alieno negotio adhiberi.""
""Mutus, surdus, furiosus, pupillus, femina neque familiae emptor esse, 
neque testis libripensve fieri potest.""
""Latinus Iunianus et familiae emptor et testis et libripens fieri potest, 
quoniam cum eo testamenti factio est.""
""In testamento, quod per aes et libram fit, duae res aguntur, familiae 
mancipatio et nuncupatio testamenti. nuncupatur testamentum in hunc 
modum: tabulas testamenti testator tenens ita dicit: """"haec ut in his 
tabulis cerisve scripta sunt, ita do lego, ita testor; itaque vos, 
Quirites, testimonium perhibetote"""". Quae nuncupatio et """"testatio"""" 
vocatur.""
""Filius familiae testamentum facere non potest, quoniam nihil suum habet, 
ut testari de eo possit. Sed divus Augustus  + Marcus constituit, ut 
filius familiae miles de eo peculio, quod in castris adquisivit, 
testamentum facere possit.""
""Qui de statu suo incertus est factus, quod patre peregre mortuo ignorat, 
se sui iuris esse, testamentum facere non potest.
""
""Inpubes, licet sui iuris sit, facere testamentum non potest, quoniam 
nondum plenum iudicium animi habet.""
""Mutus, surdus, furiosus, item prodigus, cui lege bonis interdictum est, 
testamentum facere non possunt: mutus, quoniam verba nuncupationis loqui 
non potest; surdus, quoniam verba familiae emptoris exaudire non potest; 
furiosus, quoniam mentem non habet, ut testari de ea re possit; prodigus, 
quoniam commercium in illi interdictum est, et ob id familiam mancipare 
non potest.""
""Latinus Iunianus, item is, qui dediticiorum numero est, testamentum 
facere non potest: Latinus quidem, quoniam nominatim lege Iunia 
prohibitum est; is autem, qui dediticiorum numero est, quoniam nec quasi 
civis Romanus testari potest, cum sit peregrinus, nec quasi peregrinus, 
quoniam nullius certae civitatis civis est, ut secundum leges civitatis 
suae testetur.""
""Feminae post duodecimum annum aetatis testamenta facere possunt, tutore 
auctore, donec in tutela sunt.""
""Servus publicus populi Romani partis dimidiae testamenti faciendi habet 
ius.""",005400200010000000000000,"Ulp. 20, 10",005400200010000000000000
,,Latin,54,20,11,,,n,"Anyone who is uncertain as to his condition, for instance, when he is ignorant that he is his own master because his father died while absent on a journey, cannot make a will.","Qui de statu suo incertus est factus, quod patre peregre mortuo ignorat, 
se sui iuris esse, testamentum facere non potest.
",Level 1,"""Testamentum est mentis nostrae iusta contestatio in id sollemniter 
facta, ut post mortem nostram valeat.
""
""Testamentorum genera fuerunt tria, unum, quod calatis comitiis, alterum, 
quod in procinctu, tertium, quod per aes et libram appellatum est. His 
duobus testamentis abolitis hodie solum in usu est, quod per aes et 
libram fit, id est per mancipationem imaginariam. In quo testamento 
libripens adhibetur et familiae emptor et non minus quam quinque testes, 
cum quibus testamenti factio est.""
""Qui in potestate testatoris est aut familiae emptoris, testis aut 
libripens adhiberi non potest, quoniam familiae mancipatio inter 
testatorem et familiae emptorem fit, et ob id domestici testes adhibendi 
non sunt.""
Filio familiam emente pater eius testis esse non potest.
""Ex duobus fratribus, qui in eiusdem patris potestate sunt, alter 
familiae emptor, alter testis esse non potest, quoniam quod unus ex his 
mancipio accipit, adquirit patri, cui filius suus testis esse non debet.
""
""Pater et filius +  qui in potestate eius est, item duo fratres, qui in 
eiusdem patris potestate sunt, testes utrique, vel alter testis, alter 
libripens fieri possunt, alio familiam emente; quoniam nihil nocet ex una 
domo plures testes alieno negotio adhiberi.""
""Mutus, surdus, furiosus, pupillus, femina neque familiae emptor esse, 
neque testis libripensve fieri potest.""
""Latinus Iunianus et familiae emptor et testis et libripens fieri potest, 
quoniam cum eo testamenti factio est.""
""In testamento, quod per aes et libram fit, duae res aguntur, familiae 
mancipatio et nuncupatio testamenti. nuncupatur testamentum in hunc 
modum: tabulas testamenti testator tenens ita dicit: """"haec ut in his 
tabulis cerisve scripta sunt, ita do lego, ita testor; itaque vos, 
Quirites, testimonium perhibetote"""". Quae nuncupatio et """"testatio"""" 
vocatur.""
""Filius familiae testamentum facere non potest, quoniam nihil suum habet, 
ut testari de eo possit. Sed divus Augustus  + Marcus constituit, ut 
filius familiae miles de eo peculio, quod in castris adquisivit, 
testamentum facere possit.""
""Qui de statu suo incertus est factus, quod patre peregre mortuo ignorat, 
se sui iuris esse, testamentum facere non potest.
""
""Inpubes, licet sui iuris sit, facere testamentum non potest, quoniam 
nondum plenum iudicium animi habet.""
""Mutus, surdus, furiosus, item prodigus, cui lege bonis interdictum est, 
testamentum facere non possunt: mutus, quoniam verba nuncupationis loqui 
non potest; surdus, quoniam verba familiae emptoris exaudire non potest; 
furiosus, quoniam mentem non habet, ut testari de ea re possit; prodigus, 
quoniam commercium in illi interdictum est, et ob id familiam mancipare 
non potest.""
""Latinus Iunianus, item is, qui dediticiorum numero est, testamentum 
facere non potest: Latinus quidem, quoniam nominatim lege Iunia 
prohibitum est; is autem, qui dediticiorum numero est, quoniam nec quasi 
civis Romanus testari potest, cum sit peregrinus, nec quasi peregrinus, 
quoniam nullius certae civitatis civis est, ut secundum leges civitatis 
suae testetur.""
""Feminae post duodecimum annum aetatis testamenta facere possunt, tutore 
auctore, donec in tutela sunt.""
""Servus publicus populi Romani partis dimidiae testamenti faciendi habet 
ius.""",005400200011000000000000,"Ulp. 20, 11",005400200011000000000000
,,Latin,54,20,12,,,n,"A person under the age of puberty, although he may not be subject to parental authority, cannot make a will; as he has not yet full mental capacity.

","Inpubes, licet sui iuris sit, facere testamentum non potest, quoniam 
nondum plenum iudicium animi habet.",Level 1,"""Testamentum est mentis nostrae iusta contestatio in id sollemniter 
facta, ut post mortem nostram valeat.
""
""Testamentorum genera fuerunt tria, unum, quod calatis comitiis, alterum, 
quod in procinctu, tertium, quod per aes et libram appellatum est. His 
duobus testamentis abolitis hodie solum in usu est, quod per aes et 
libram fit, id est per mancipationem imaginariam. In quo testamento 
libripens adhibetur et familiae emptor et non minus quam quinque testes, 
cum quibus testamenti factio est.""
""Qui in potestate testatoris est aut familiae emptoris, testis aut 
libripens adhiberi non potest, quoniam familiae mancipatio inter 
testatorem et familiae emptorem fit, et ob id domestici testes adhibendi 
non sunt.""
Filio familiam emente pater eius testis esse non potest.
""Ex duobus fratribus, qui in eiusdem patris potestate sunt, alter 
familiae emptor, alter testis esse non potest, quoniam quod unus ex his 
mancipio accipit, adquirit patri, cui filius suus testis esse non debet.
""
""Pater et filius +  qui in potestate eius est, item duo fratres, qui in 
eiusdem patris potestate sunt, testes utrique, vel alter testis, alter 
libripens fieri possunt, alio familiam emente; quoniam nihil nocet ex una 
domo plures testes alieno negotio adhiberi.""
""Mutus, surdus, furiosus, pupillus, femina neque familiae emptor esse, 
neque testis libripensve fieri potest.""
""Latinus Iunianus et familiae emptor et testis et libripens fieri potest, 
quoniam cum eo testamenti factio est.""
""In testamento, quod per aes et libram fit, duae res aguntur, familiae 
mancipatio et nuncupatio testamenti. nuncupatur testamentum in hunc 
modum: tabulas testamenti testator tenens ita dicit: """"haec ut in his 
tabulis cerisve scripta sunt, ita do lego, ita testor; itaque vos, 
Quirites, testimonium perhibetote"""". Quae nuncupatio et """"testatio"""" 
vocatur.""
""Filius familiae testamentum facere non potest, quoniam nihil suum habet, 
ut testari de eo possit. Sed divus Augustus  + Marcus constituit, ut 
filius familiae miles de eo peculio, quod in castris adquisivit, 
testamentum facere possit.""
""Qui de statu suo incertus est factus, quod patre peregre mortuo ignorat, 
se sui iuris esse, testamentum facere non potest.
""
""Inpubes, licet sui iuris sit, facere testamentum non potest, quoniam 
nondum plenum iudicium animi habet.""
""Mutus, surdus, furiosus, item prodigus, cui lege bonis interdictum est, 
testamentum facere non possunt: mutus, quoniam verba nuncupationis loqui 
non potest; surdus, quoniam verba familiae emptoris exaudire non potest; 
furiosus, quoniam mentem non habet, ut testari de ea re possit; prodigus, 
quoniam commercium in illi interdictum est, et ob id familiam mancipare 
non potest.""
""Latinus Iunianus, item is, qui dediticiorum numero est, testamentum 
facere non potest: Latinus quidem, quoniam nominatim lege Iunia 
prohibitum est; is autem, qui dediticiorum numero est, quoniam nec quasi 
civis Romanus testari potest, cum sit peregrinus, nec quasi peregrinus, 
quoniam nullius certae civitatis civis est, ut secundum leges civitatis 
suae testetur.""
""Feminae post duodecimum annum aetatis testamenta facere possunt, tutore 
auctore, donec in tutela sunt.""
""Servus publicus populi Romani partis dimidiae testamenti faciendi habet 
ius.""",005400200012000000000000,"Ulp. 20, 12",005400200012000000000000