ref_id,text,language,english,has_english_translation,new_gold_keywords,new_gold_fields,new_gold_index,new_keyword_suggestions
Mishnah Bava batra 8:1,"יש נוחלין ומנחילין, ויש נוחלין ולא מנחילין, מנחילין ולא נוחלין, לא נוחלין ולא מנחילין. ואלו נוחלין ומנחילין, האב את הבנים והבנים את האב והאחין מן האב, נוחלין ומנחילין. האיש את אמו והאיש את אשתו, ובני אחיות, נוחלין ולא מנחילין. האשה את בניה והאשה את בעלה ואחי האם, מנחילין ולא נוחלין. והאחים מן האם, לא נוחלין ולא מנחילין:",Hebrew,"There are those who receive inheritance and transmit inheritance;
and there are those who receive inheritance but do not transmit inheritance;
transmit inheritance but do not receive inheritance;
neither receive inheritance nor transmit inheritance.
The following receive inheritance and transmit inheritance:
a father vis-à-vis his sons;
sons vis-à-vis their father;
brothers of the same father [vis-à-vis each other]—
these receive inheritance and transmit inheritance.
A man from his mother;
a man from his wife;
and the sons of sisters—
these receive inheritance but do not transmit inheritance.
A woman to her sons;
and a woman to her husband;
and a mother’s brothers—
these transmit inheritance but do not receive inheritance. And maternal brothers—
these neither receive inheritance nor transmit inheritance.",True,"Agnatic Consanguinity, agnatic succession, brother, consanguinity, degrees of kinship, eligibility to Inherit, father, female succession, generational rights, heir, intestate succession, mother, order of succession, paternal lineage, shared inheritance, sister, son, widow's inheritance, woman","Classes of Heirs, Women Inheritance Rights","אח מן האב, אח מן האם, אחי האם, אחים מן האם, אחין מן האב, בני אחיות, מנחיל, מנחילין, נוחל, נוחלין, נחלה, סדר נחלות","husband, maternal lineage, wife"
Mishnah Bava batra 8:2,"סדר נחלות כך הוא, (במדבר כז) איש כי ימות ובן אין לו, והעברתם את נחלתו לבתו, בן קודם לבת, וכל יוצאי ירכו של בן קודמין לבת. בת קודמת לאחין. יוצאי ירכה של בת, קודמין לאחין. אחין קודמין לאחי האב. יוצאי ירכן של אחין, קודמין לאחי האב. זה הכלל, כל הקודם בנחלה, יוצאי ירכו קודמין. והאב קודם לכל יוצאי ירכו:",Hebrew,"The order of inheritances is thus:
Should a man die and have no son, then you shall transfer his inheritance to his daughter:
The son precedes the daughter,
and all the lineal descendants of the son precede the daughter.
The daughter precedes the brothers,
the lineal descendants of the daughter precede the brothers.
The brothers precede the father’s brothers,
the lineal descendants of the son precede the father’s brothers.
This is the rule:
Anyone who precedes in inheritance, his lineal descendants precede [as well],
and a father precedes any of his lineal descendants.",True,"Inheritance priority, agnatic succession, brother, daughter, father, female succession, generational rights, heir, intestacy, order of succession, representation in succession, right of representation, son","Classes of Heirs, Intestacy","אחי האב, אחין, בן, בת, יוצא ירך, יוצאי ירך, יוצאי ירכו, כל הקודם בנחלה, נחלה, סדר נחלות, קדימה בנחלה",
Mishnah Bava batra 8:3,"בנות צלפחד נטלו שלשה חלקים בנחלה. חלק אביהן שהיה עם יוצאי מצרים, וחלקו עם אחיו בנכסי חפר. ושהיה בכור נוטל שני חלקים:",Hebrew,"The daughters of Zelophehad took three shares in the inheritance:
(1) their father’s inheritance, who was among those who left Egypt;
(2) and his share among his brothers in the property of Hepher;
(3) and since he was a firstborn, he takes two shares.",True,"brother, daughter, double portion, female succession, firstborn, heir, order of succession, paternal estate, primogeniture, right of representation, shared inheritance, specification of assets","Firstborn Inheritance Rights, Women Inheritance Rights","בכור, בנות צלפחד, יוצאי מצרים, נחלה",
Mishnah Bava batra 8:4,"אחד הבן ואחד הבת בנחלה, אלא שהבן נוטל פי שנים בנכסי האב ואינו נוטל פי שנים בנכסי האם. והבנות נזונות מנכסי האב ואינן נזונות מנכסי האם:",Hebrew,"The law is one and the same for the son and the daughter in inheritance,
except that the son takes a double portion from the property of the father,
but he does not take a double portion from the property of the mother;
and daughters are maintained from the father’s property;
but they are not maintained from the mother’s property.",True,"Inheritance priority, Primogeniture, alimentary rights, daughter, double portion, father, firstborn, heir, maternal estate, mother, paternal estate, shared inheritance, son","Firstborn Inheritance Rights, Provisions for Children, Women Inheritance Rights","בכור, מזונות, נחלה, נכסי האב, נכסי האם, פי שנים",
Mishnah Bava batra 8:5,"האומר איש פלוני בני בכור לא יטל פי שנים, איש פלוני בני לא יירש עם אחיו, לא אמר כלום, שהתנה על מה שכתוב בתורה. המחלק נכסיו לבניו על פיו, רבה לאחד ומעט לאחד והשוה להן את הבכור, דבריו קימין. ואם אמר משום ירשה, לא אמר כלום. כתב בין בתחלה בין באמצע בין בסוף משום מתנה, דבריו קימין. האומר איש פלוני יירשני במקום שיש בת, בתי תירשני במקום שיש בן, לא אמר כלום, שהתנה על מה שכתוב בתורה. רבי יוחנן בן ברוקה אומר, אם אמר על מי שהוא ראוי לירשו, דבריו קימין. ועל מי שאין ראוי לירשו, אין דבריו קימין. הכותב את נכסיו לאחרים והניח את בניו, מה שעשה עשוי, אבל אין רוח חכמים נוחה הימנו. רבן שמעון בן גמליאל אומר, אם לא היו בניו נוהגין כשורה, זכור לטוב:",Hebrew,"One who says:
“So-and-so is my firstborn son, [but nonetheless] may not take a double portion”;
or “So-and-so is my son, [but nonetheless] may not inherit with his brothers”—
his statement is not valid,76
for he has stipulated in contradiction to77 what is written in the Torah.78
One who distributes his property to his sons according to his own determination,79
if he increased for one, or decreased for one, or made the firstborn equal to them—
his words are valid.
But if he said: “As inheritance,”
his statement is not valid.
If he wrote: “As a gift, whether at the beginning, or at the middle, or at the end”—
his words are valid.
If one says: “So-and-so shall inherit from me,” where there is a daughter;
or “My daughter shall inherit from me,” where there is a son—
his statement is not valid,
for he has stipulated in contradiction to80 what is written in the Torah. One who, in writing, cedes his property to others, and left his sons [with nothing]—
what he has done is done,
but the spirit of the Sages82 is uneasy with him.
Rabban Simeon b. Gamaliel says:
If his sons did not behave83 properly,
he is remembered for good.
R. Yohanan b. Beroqa says:
If he said this about one who is eligible to inherit—
his words are valid;
but if about one who is not eligible to inherit—
his words are not valid.",True,"Gift vs. Inheritance, Primogeniture, Testamentary Interpretation, Testamentary Language, conditional gift, daughter, disinheritance, division of estate before death, double portion, eligibility to Inherit, father, firstborn, gift, heir, nullity, order of succession, primogeniture, son, statutory rights, testamentary intent, testator","Classes of Heirs, Deeds of Gift as Wills, Disinheritance, Firstborn Inheritance Rights, Forms of Will","בכור, הכותב נכסיו לאחרים, המחלק נכסיו, התנה על מה שכתוב בתורה, ירושה, מתנה, מתנה על מה שכתוב בתורה, נחלה, נכס, פי שניים, פי שנים, ראוי ליורשו, רוח חכמים נוחה, רוח חכמים נוחה הימנו",stipulation against statutory law
Mishnah Bava batra 8:6,"האומר זה בני, נאמן. זה אחי, אינו נאמן ונוטל עמו בחלקו. מת, יחזרו נכסים למקומן. נפלו לו נכסים ממקום אחר, יירשו אחיו עמו. מי שמת ונמצאת דיתיקי קשורה על ירכו, הרי זו אינה כלום. זכה בה לאחר, בין מן היורשין בין שאינו מן היורשין, דבריו קימין:",Hebrew,"One who says: “This is my son”—he is believed;
“This is my brother”—he is not believed,
and he shares his portion with him.84
If he died, the property returns to its place;
if property fell to him from another place,
his brothers may inherit along with him.
One who died, and a testament was found tied on his thigh—
in this case, this is nothing.
If he granted acquisition to another by means of the document,85
whether among the heirs or whether not among the heirs—
his words are valid.",True,"Testamentary Heir, brother, disputed lineage, eligibility to Inherit, heir, inheritance conflict, inoperative will, paternal lineage, presumed son, property, property transfer, shared inheritance, son, testator","Classes of Heirs, Documentary Evidence, Forms of Will","διαθήκη, דבריו קיימים, דיתיקי, זכייה, יורש, יורשין, יחזרו נכסים למקומן, נאמנות, נוטל עמו בחלקו, נכס, נפלו לו נכסים, קיים",diatheke
Mishnah Bava batra 8:7,"הכותב נכסיו לבניו, צריך שיכתב מהיום ולאחר מיתה, דברי רבי יהודה. רבי יוסי אומר, אינו צריך. הכותב נכסיו לבנו לאחר מותו, האב אינו יכול למכר, מפני שהן כתובין לבן, והבן אינו יכול למכר, מפני שהן ברשות האב. מכר האב, מכורין עד שימות. מכר הבן, אין ללוקח בהן כלום עד שימות האב. האב תולש ומאכיל לכל מי שירצה. ומה שהניח תלוש, הרי הוא של יורשין. הניח בנים גדולים וקטנים, אין הגדולים מתפרנסים על הקטנים ולא הקטנים נזונין על הגדולים, אלא חולקין בשוה. נשאו הגדולים, ישאו הקטנים. ואם אמרו קטנים הרי אנו נושאים כדרך שנשאתם אתם, אין שומעין להם, אלא מה שנתן להם אביהם נתן:",Hebrew,"One who, in writing, cedes his property to his sons86 must write,
“From today and after death”—
the words of R. Judah.
R. Yose says:
He does not need to.
One who in writing cedes his properties to his son after his death—
the father cannot sell them because they are written to the son,
and the son cannot sell them because they are in the possession of the father.
If the father sold them, they are sold until his death;
if the son sold, the buyer has no share in them until the father dies.
The father plucks [the property] and feeds whomever he wants;
and whatever he leaves plucked belongs to the heirs. f one left adult and minor sons,
the adults are not provisioned at the expense of the minors,
and the minors are not maintained87 at the expense of the adults;
but rather they split equally.
If the adults were married, the minors may be married. And if the minors say: “Now, we are to be married in the manner that you were
­ married”—
one does not listen to them,
but rather what their father has given to them he has given.",True,"Gift vs. Inheritance, adult, alimentary rights, bequeathal clause, buyer, division of estate before death, father, from today and after death, gift after death, heir, inter vivos transfer, marriage conditions, minor, power of sale, property, shared inheritance, son, usufructus","Deeds of Gift as Wills, Intestacy, Trust, Usufruct, Usufruct","גדולים וקטנים, הכותב נכסיו, חולקין בשוה, חלוקה בשווה, יורש, כותב נכסיו, לוקח, מהיום ולאחר מיתה, מזונות, מכר, מתפרנס, ניזון, נכס, רשות, רשות האב, תלוש",
Mishnah Bava batra 8:8,"הניח בנות גדולות וקטנות, אין הגדולות מתפרנסות על הקטנות ולא הקטנות נזונות על הגדולות, אלא חולקות בשוה. נשאו גדולות, ישאו קטנות. ואם אמרו קטנות, הרי אנו נושאות כדרך שנשאתם אתם, אין שומעין להן. זה חמר בבנות מבבנים, שהבנות נזונות על הבנים ואין נזונות על הבנות:",Hebrew,"If he left adult and minor daughters,
the adults are not provisioned at the expense of the minors,
and the minors are not maintained89 at the expense of the adults;
but rather, they divide equally.
If the adults married, the minors may marry.
And if the minors say: “Now, we are to be married in the manner that you were married”—
ones does not listen to them.
In this respect the rule is stricter for daughters than for sons,
that daughters are maintained at the expense of90 sons,
but are not maintained at the expense of daughters.",True,"adult, alimentary rights, daughter, female succession, intestate succession, marriage conditions, minor, minor’s protection, paternal estate, shared inheritance, son","Intestacy, Minors, Provisions for Children, Women Inheritance Rights","בנות, בנים, גדול, גדולות, חולקות בשוה, חומר, חלוקה בשווה, מזונות, פרנסה, קטן, קטנות",
Mishnah Bava batra 9:1,"מי שמת והניח בנים ובנות, בזמן שהנכסים מרבים, הבנים יירשו והבנות יזונו. נכסים מעטין, הבנות יזונו והבנים ישאלו על הפתחים. אדמון אומר, בשביל שאני זכר הפסדתי. אמר רבן גמליאל, רואה אני את דברי אדמון:",Hebrew,"One who dies and left sons and daughters,
when there is much property,
the sons inherit, and the daughters are maintained;
if91 there is little property,
the daughters are maintained, and the sons may beg in the doorways.
Admon said:
Because I am male, I have lost?
Said Rabban Gamaliel:92 I agree with the words of Admon.",True,"Inheritance priority, Women's Status, alimentary rights, daughter, female succession, heir, order of succession, paternal estate, property, shared inheritance, son, specification of assets","Classes of Heirs, Provisions for Children, Women Inheritance Rights","אדמון, הפסיד, ירושה, ירש, מזונות, נכסים מועטים, נכסים מעטין, נכסים מרבים, נכסים מרובים, שאל על הפתחים",
Mishnah Bava batra 9:2,"הניח בנים ובנות וטמטום, בזמן שהנכסים מרבים, הזכרים דוחין אותו אצל נקבות. נכסים מעטין, הנקבות דוחות אותו אצל זכרים. האומר אם תלד אשתי זכר יטל מנה, ילדה זכר, נוטל מנה. נקבה מאתים, ילדה נקבה, נוטלת מאתים. אם זכר מנה אם נקבה מאתים, וילדה זכר ונקבה, זכר נוטל מנה והנקבה נוטלת מאתים. ילדה טמטום, אינו נוטל. אם אמר כל מה שתלד אשתי יטל, הרי זה יטל. ואם אין שם יורש אלא הוא, יורש את הכל:",Hebrew,"If he left sons, and daughters, and a tumtum,
when there is much property, the males push him among the females;
if93 there is little property, the females push him among the males.
One who says: “If my wife gives birth94 to a male, he may take one hundred,”
if she gave birth to a male, he may take one hundred.
“To a female, two hundred,”
if she gave birth to a female, she may take two hundred;
“If to a male, one hundred; if to a female, two hundred,”
if she gave birth to a male and a female—
the male takes one hundred, and the female two hundred;
if she gave birth to a tumtum95
—
he does not take.
If he said: “Whatever my wife gives birth to shall take,”
then this one takes;
and if there is no other heir but him, he inherits all.",True,"Inheritance priority, conditional gift, daughter, division of estate before death, eligibility to Inherit, female succession, gift, heir, intersex person, order of succession, property, shared inheritance, son, specification of assets","Classes of Heirs, Intestacy, Legacies, Legal Capacity, Women Inheritance Rights","טומטום, טמטום, יורש, מתנה על תנאי, נכסים מועטים, נכסים מעטין, נכסים מרבים, נכסים מרובים",conditional bequest
Mishnah Bava batra 9:3,"הניח בנים גדולים וקטנים, השביחו גדולים את הנכסים, השביחו לאמצע. אם אמרו ראו מה שהניח לנו אבא, הרי אנו עושים ואוכלין, השביחו לעצמן. וכן האשה שהשביחה את הנכסים, השביחה לאמצע. אם אמרה ראו מה שהניח לי בעלי, הרי אני עושה ואוכלת, השביחה לעצמה:",Hebrew,"If he left adult and minor sons—
if the adults improved the property,
they have improved for the common holding;96
if they97 said:
“See what our father has left us, we will labor and consume the profits,” they have improved for themselves.98
And similarly a wife who improved the property,
she has improved for the common holding;
If she said:
“See what my husband has left me, I will labor and consume the profits,”
she has improved for herself.",True,"adult, co-heirs, enhancement, estate enhancement, heir, minor, paternal estate, property, shared inheritance, son, widow's inheritance, woman","Inheritance, Intestacy, Minors, Property of Women","אמצע, גדול, גדולים וקטנים, השבחת נכסים, יורש, עושה ואוכל, עושים ואוכלין, קטן",
Mishnah Bava batra 9:4,"האחין השתפין שנפל אחד מהן לאמנות, נפל לאמצע. חלה ונתרפא, נתרפא משל עצמו. האחין שעשו מקצתן שושבינות בחיי האב, חזרה שושבינות, חזרה לאמצע, שהשושבינות נגבית בבית דין. אבל השולח לחברו כדי יין וכדי שמן, אינן נגבין בבית דין, מפני שהן גמילות חסדים:",Hebrew,"Brothers who were partners of whom one fell into imperial service99
—
his liability is from the common holding;100
if he became ill, and received medical treatment, the medical treatment is from his own. The brothers some of whom made groomsmen’s gifts during the life of the father—
if the groomsmen’s gifts were returned, they have returned to the common holding,101
for groomsmen’s gifts are claimed in court.102
But one who sends to his fellow jars of wine or jars of oil,
they are not collected in court,
because they are the granting of favors.103",True,"brother, co-heirs, collective acquisition, estate enhancement, father, gift, gifts of groomsmen, partner, public service, recoverable gifts, shared inheritance, societas, specification of assets","Debts and Obligations, Family, Inheritance, Intestacy, Partnership, Verbal Contracts","אומנות, אחים שותפים, אמנות, אמצע, גבייה בבית דין, גמילות חסדים, נגבית בבית דין, שושבינות","gratuitous gift, medical expense, medical expenses"
Mishnah Bava batra 9:5,"השולח סבלונות לבית חמיו, שלח שם מאה מנה ואכל שם סעודת חתן אפלו בדינר, אינן נגבין. לא אכל שם סעודת חתן, הרי אלו נגבין. שלח סבלונות מרבין שיחזרו עמה לבית בעלה, הרי אלו נגבין. סבלונות מעטין שתשתמש בהן בבית אביה, אינן נגבין:",Hebrew,"One who sends betrothal gifts to the house of his father-in-law,
if he sent there gifts worth ten thousand dinar, and ate even a dinar’s worth of a betrothal meal—
they may not be claimed;
if he did not eat a betrothal meal—
then they may be claimed.
If he sent many gifts, that might return104 with her to her husband’s house—
then they may be claimed;
few gifts, that105 she might use in her father’s house—
they may not be claimed.",True,"betrothal gifts, conditional gift, divorce, marriage conditions, recoverable gifts","Dowry, Marital Arrangements, Obligations","גבייה, חמיו, נגבין, סבלונות, סעודת חתן",
Mishnah Bava batra 9:6,"שכיב מרע שכתב כל נכסיו לאחרים ושיר קרקע כל שהוא, מתנתו קימת. לא שיר קרקע כל שהוא, אין מתנתו קימת. לא כתב בה שכיב מרע, הוא אומר שכיב מרע היה והן אומרים בריא היה, צריך להביא ראיה שהיה שכיב מרע, דברי רבי מאיר. וחכמים אומרים, המוציא מחברו עליו הראיה:",Hebrew,"One who was deathly ill who gifted all106 of his property to others in writing
and left over for himself even the slightest bit of land—
his gift is valid;
if he did not leave over even the slightest bit of land—
his gift is not valid.
If he did not write in it “deathly ill”:
he says that he was107 deathly ill, and they say that he was healthy—
he must bring proof that he was deathly ill—
the words of R. Meir.
But the Sages say:
The one who claims property from his fellow has the burden of proof.",True,"Gift vs. Inheritance, deathbed gift, gift, immovable property, nullity, property transfer, recoverable gifts, specification of assets","Causa Mortis, Deeds of Gift as Wills, Evidence","בריא, המוציא מחברו עליו הראיה, מוציא מחברו, מתנה, נכס, קרקע, ראיה, שיור, שיר קרקע, שכיב מרע","burden of proof, validity of gift"
Mishnah Bava batra 9:7,"המחלק נכסיו על פיו, רבי אליעזר אומר, אחד בריא ואחד מסכן, נכסים שיש להן אחריות נקנין בכסף ובשטר ובחזקה, ושאין להן אחריות אין נקנין אלא במשיכה. אמרו לו, מעשה באמן של בני רוכל שהיתה חולה ואמרה תנו כבינתי לבתי והיא בשנים עשר מנה, ומתה, וקימו את דבריה. אמר להן, בני רוכל תקברם אמן. וחכמים אומרים, בשבת, דבריו קימין, מפני שאינו יכול לכתוב. אבל לא בחל. רבי יהושע אומר, בשבת אמרו, קל וחמר בחל. כיוצא בו, זכין לקטן, ואין זכין לגדול. רבי יהושע אומר, לקטן אמרו, קל וחמר לגדול:",Hebrew,"One who distributes his property according to his own determination,
R. Eliezer says:
Whether he is healthy or in danger of dying—
property to which security applies is acquired by money, deed, or possession;
and that to which security does not apply is acquired only by pulling.
They said to him:
It once happened that the mother of the sons of an itinerant merchant108 was ill,
and she said: “Give my cloak to my daughter,”
and it cost 1,200,
and she died,
and they upheld her words.
He said to them:
The mother will bury the sons of the itinerant merchant.109
And the Sages110 say:
On the Sabbath, his words are valid, because he is not able to write;
but not on a weekday.
R. Joshua says:
They said it with reference to the Sabbath,
and by argument of lesser and greater with reference to a weekday.
Similarly: one can make acquisition on behalf of a minor,
but not on behalf of an adult.111 R. Joshua says:
They said it on behalf of a minor, and by argument of lesser and greater also for an adult.",True,"Gift vs. Inheritance, actual possession, adult, daughter, deathbed gift, division of estate before death, gift, immovable property, inter vivos transfer, minor, minor’s protection, modes of acquisition, mother, movable property, verbal instruction","Acquisition, Causa Mortis, Classification of Things, Conveyance, Deeds of Gift as Wills, Forms of Will, Legal Capacity","בריא, גדול, המחלק נכסיו על פיו, זכייה, חזקה, כסף שטר ומשיכה, מחלק נכסיו על פיו, מסוכן, משיכה, נכסים שאין להם אחריות, נכסים שיש להם אחריות, קטן, קל וחומר, קניין, שטר",
Mishnah Bava batra 9:8,"נפל הבית עליו ועל אביו או עליו ועל מורישיו, והיתה עליו כתבת אשה ובעל חוב, יורשי האב אומרים, הבן מת ראשון ואחר כך מת האב, בעלי החוב אומרים, האב מת ראשון ואחר כך מת הבן, בית שמאי אומרים, יחלקו. ובית הלל אומרים, נכסים בחזקתן:",Hebrew,"If a house fell upon him and his father,
or upon him and one from whom he inherits,112
and he had the obligation of a marriage settlement for a wife or a creditor:
the heirs of the father say: “The son died first and afterwards the father died”;
the creditors say: “The father died first and afterwards the son died”—
the House of Shammai say:
Let them split it;
but the House of Hillel say:
The property remains in its prior state of possession.11",True,"Creditor Priority, actual possession, creditor, debt, father, heir, inheritance conflict, marriage contract, order of death, son","Debts and Obligations, Inheritance, Intestacy","בעל חוב, חזקה, יורש, כתובה, מוריש, נכסים בחזקתן",simultaneous death
Mishnah Bava batra 9:9,"נפל הבית עליו ועל אשתו, יורשי הבעל אומרים, האשה מתה ראשונה ואחר כך מת הבעל, יורשי האשה אומרים, הבעל מת ראשון ואחר כך מתה האשה, בית שמאי אומרים, יחלקו. ובית הלל אומרים, נכסים בחזקתן, כתבה בחזקת יורשי הבעל, נכסים הנכנסים והיוצאין עמה בחזקת יורשי האב:",Hebrew,"If a house fell upon him and upon his wife:
the heirs of the husband say: “The wife died first and afterwards the husband died”;
the heirs of the wife say: “The husband died first and afterwards the wife died”—
the House of Shammai say:
Let them split it;
But the House of Hillel say:
The property remains in its prior possession:
the marriage settlement remains in the possession of the heirs of the husband;
property that comes in and goes out with her remains in the possession
of the heirs of the [wife’s] father.114",True,"actual possession, dowry property, father, female succession, heir, inheritance conflict, marriage contract, order of death, shared inheritance, wife's heirs, woman","47084, Intestacy, Property of Women","חזקה, חלוקה, יורשי האישה, יורשי הבעל, כתובה, נכסים בחזקתן, נכסים הנכנסים והיוצאים, נכסים הנכנסים והיוצאים עמה","husband's heirs, simultaneous death"
Mishnah Bava batra 9:10,"נפל הבית עליו ועל אמו, אלו ואלו מודים שיחלקו. אמר רבי עקיבא, מודה אני בזה שהנכסים בחזקתן. אמר לו בן עזאי, על החלוקין אנו מצטערין, אלא שבאת לחלק עלינו את השוין:",Hebrew,"If a house fell upon him and upon his mother—
these and these concede that they split it.
Said R. Aqiva:
I concede in this case that the property remains in its prior possession.
Said Ben Azzai to him:
We grieve over the cases that are subject to dispute;
but you come to make disputed cases where they hold the same opinion.",True,"Inheritance priority, actual possession, female succession, heir, inheritance conflict, mother, order of death, shared inheritance, son","46354, 46356","חזקה, חלוקה, נכסים בחזקתן",
Tosefta Bava Batra 7:1,"כל שהוא לפנים מחבירו הוא קודם את חבירו. ונחלה משמשת והולכת ועולה, אפי' עד ראובן. בן האחין זה את זה, והאחיות זו את זו, האחין את האחיות, והאחיות את האחין, נוחלין ומנחילין. ממזר מוריש את קרוביו. גוי ועבד הבאו על בת ישראל אפי' חזר הגוי ונתגייר, עבד ונשתחרר, נכסיו כנכסי הגר וכנכסי עבד משוחרר. כל הקודם בהן זכה.",Hebrew,"Whoever is closer [in relationship] than his fellow takes precedence over his fellow. And an inheritance goes on upward, even to Reuben [that is, the ultimate progenitor of the tribe]. And brothers so far as one another are concerned, sisters so far as one another are concerned, brothers so far as the sisters are concerned, and sisters so far as the brothers are concerned, both inherit and bequeath A mamzer causes his relatives to inherit. A gentile and a slave who had intercourse with an Israelite girl, even though thereafter the gentile went and converted, the slave went and was emancipated. his estate is in the status of the estate of a proselyte, or his estate is in the status of a freed slave. So whoever acquired possession of them first gains title to them.",True,"agnatic succession, bastard, bona vacantia, brother, convert, degrees of kinship, eligibility to Inherit, freedperson, heir, indirect heir, intestate succession, order of succession, property, sister, slave","46028, Abandoned Property, Classes of Heirs, Intestacy","גוי, ממזר, נכסי הגר, נכסי עבד משוחרר, עבד, עבד משוחרר",ownerless property
Tosefta Bava Batra 7:2,"נאמנת חיה לומר זה יצא ראשון. אימתי, בזמן שאין שם ערער, אבל יש שם ערער אינה נאמנת. ר' לעזר או' אם הוחזקה על עמדה נאמנת, ואם לאו, אינה נאמנת.",Hebrew,"A midwife is believed to say, ""This one came out first."" Under what circumstances? When there is no contesting opinion. But if there is a contesting opinion, she is not believed. R. Eleazar says, ""If she was assumed to have been on the spot, she is believed. ""And if not, she is not believed.""",True,"disputed inheritance, firstborn, order of birth, primogeniture, woman testimony","Classes of Heirs, Firstborn Inheritance Rights, Inheritance","חיה, עמדה, ערער",
Tosefta Bava Batra 7:3,"היו מוחזקין בו שהוא בכור, ובשעת מתנה אמ' אינו בכור, אינו נאמן. היו מוחזקין בו שאינו בכור, ובשעת מתנה אמ' בכור הוא, נאמן. היו מוחזקין בו שהוא בכור, ובשעת מיתה אמ' בכור הוא, נאמן. היו מוחזקין בו שהוא בנו, ובשעת מיתתו אמ' בני הוא, נאמן. היו מוחזקין בו שהוא בנו, ובשעת מיתתו אמ' אינו בני, אינו נאמן. שאין בנו, ובשעת מיתתו אמ' בנו הוא, נאמן. היו מוחזקין בו שהוא בנו, ובשעת מיתתו אמ' אחי הוא, אינו נאמן. שהוא אחיו, ובשעת מיתתו אמ' בני הוא, נאמן. היו מוחזקין בו שהוא בנו, ובשעת מיתתו אמ' עבדו הוא, אין נאמן. שהוא עבדו, ובשעת מיתה אמ' בנו הוא, נאמן. היה עומד בין המוכסין ואמ' בני הוא, וחזר ואמ' עבדי הוא, נאמן. עבדי הוא, וחזר ואמ' בני הוא, אין נאמן.",Hebrew,"A. [If] people took for granted concerning someone that he was a firstborn, and at the time of the gift, [the father] said, ""He is not the firstborn,"" [the father] is not believed. [If] people took for granted concerning someone that he was not the firstborn, and at the time of the gift, [the father] said, ""He is the firstborn,"" he is believed [If] people took for granted concerning someone that he was his son, and at the time of his death, the [putative father] said, ""He is not my son,"" he is not believed. [If] people took for granted concerning someone that he was not his son, and at the time of [the man's] death, he said, ""He is my son, he is believed. [If] people took for granted concerning someone that he was his son, and at the time of his death, he said, ""He is [my] brother,"" he is believed [If] people took for granted concerning someone  that he was his brother, and at the time of his death, he said, ""He is my slave,"" he is not believed [If] people took for granted concerning someone that he was his slave, and at the time of his death, he said, ""He is my son,"" he is believed. [If he was standing among tax-collectors and said, ""He is my son,"" and then he went and said, ""He is my slave,"" he is believed. [If] he said, ""He is my slave,"" and then he went and said, ""He is my son,"" he is not believed.",True,"Primogeniture, deathbed statement, disputed inheritance, disputed lineage, eligibility to Inherit, father, firstborn, paterfamilias, presumed heir, presumed slave, presumed son, primogeniture, proof, slave, son, tax collectors, testator","Classes of Heirs, Deeds of Gift as Wills, Disinheritance, Inheritance, Status","בכור, מוחזק, מוכס, מתנה, נאמנות, עבד, שעת מיתה, שעת מתנה",
Tosefta Bava Batra 7:4,"אין הבכור נוטל פי שנים בשבח שהשביחו נכסים לאחר מיתת אביהן. ר' או' אומ' אני הבכור נוטל פי שנים בשבח שהשביחו נכסים לאחר מיתת אביהן, שאף שלו השביח בשלהן. כיצד, היתה לו בהמה מוחכרת, ומושכרת, אצל אחרים, ופרה רועה באפר, הבכור נוטל פי שנים. ואין נוטל פי שנים בזרוע ובלחיים ובקיבה.",Hebrew,"The firstborn does not take a double portion in the increase which accrues to the estate after the death of the father. Rabbi says, ""I say, The firstborn does take a double portion in the increase which accrued to the estate after the death of the father.' ""For his portion increased right along with that of [the other brothers]. ""How so? ""[If] he had a beast let out or hired out with others, or a cow pasturing in the field ""the firstborn takes a double portion. ""And [the firstborn of a priest] takes a double portion in the shoulder, check, and maw.""",True,"co-heirs, double portion, enhancement, estate enhancement, firstborn, heir, primogeniture, prospective estate, shared inheritance","Firstborn Inheritance Rights, Inheritance","בכור, פי שנים, שבח נכסים",
Tosefta Bava Batra 7:5,"ר' או' כל דבר שלא פילפלו בו יתומין לאחר מיתת אביהן הבכור נוטל פי שנים. וחכמים או' אין נוטל פי שנים אלא בכל אשר ימצא לו. אבל בנה בניין, נטע נטיעות, הכל שוין שנוטל פי שנים.",Hebrew,"Rabbi says, Of anything which the heirs did not have to search out [but which was ready at hand] after the death of their father-the firstborn takes a double portion."" And sages say, ""He takes a double portion only in whatever is searched out [at the point of the father's death]."" But if [the father] had built a house or planted a field, all unanimously agree that [the firstborn] takes a double portion. ",True,"actual possession, double portion, estate enhancement, firstborn, heir, primogeniture, prospective estate, shared inheritance","Firstborn Inheritance Rights, Inheritance","בכור, יתומים, פי שנים, פילפול",
Tosefta Bava Batra 7:6,"כיצד נוטל פי שנים, ירשו שטרי חוב, הבכור נוטל פי שנים. יצאו עליו שטרי חוב, נותן פי שנים, ואם אמ' אי איפשי שלא ליטול ושלא ליתן, הרשות בידו.",Hebrew,"How does the firstborn not take a double portion? [If] he inherited writs of indebtedness, he takes a double portion. [If claims of collection went forth against him [as his father's heir], he pays out a double portion. But if he said, ""I don't want to take, and I don't want to pay out [a double portion],"" he has every right to do so.",True,"debt, debt document, disclaimer of inheritance, double portion, firstborn, heir, inherited claims, primogeniture, refusal of inheritence, renunciation of inheritance, repudiatio hereditatis","Debts and Obligations, Firstborn Inheritance Rights, Inheritance","אי אפשי, בכור, הרשות בידו, פי שנים, שטר חוב",
Tosefta Bava Batra 7:7,"כיצד אין נוטל בראוי כבמוחזק, מת אביו בחיי אביו נוטל פי שנים מנכסי אביו, ואין נוטל פי שנים מנכסי אבי אביו. ואם היה אביו בכור, אף הוא נוטל פי שנים מנכסי אבי אביו.",Hebrew,"How does [the firstborn] not take a double portion in what is going to accrue to the father's estate as he does in what is already possessed by the father's estate? [If] the father of his father dies in the lifetime of his father, he takes a double portion in the estate of his father, but he does not take a double portion in the estate of the father of his father. But if his father was firstborn, he takes a double portion in the estate of the father of his father.
",True,"actual possession, double portion, firstborn, generational rights, grandchild, paternal estate, prospective estate, representation in succession","Firstborn Inheritance Rights, Inheritance","מוחזק, נכסי אבי אביו, פי שנים, ראוי",
Tosefta Bava Batra 7:8,"בנות צלפחד נטלו שלשה חלקין בנחלה, חלק אביהן שהיה מיוצאי מצרים. ר' ליעזר בן יעקב או' אף חלק אחי אביהן, לפי שלא ניתנה הארץ אלא ליוצאי מצרים, ולא נתחלקה אלא לעומדים בערבות מואב, ירש השבט את שבטו וחזר השבט וירש את הראוי לו.",Hebrew,"The daughters of Zelophehad took three portions of the inheritance: the portion of their father, who was among those who went forth from Egypt R. Eliezer says, ""Also a portion of the father of their father""For the land was given only to those who went forth from Egypt. And it was divided only on the plains of Moab. tribe inherits what belongs to its tribe, and then the tribe went and inherited what was appropriate for it. ",True,"Inheritance priority, daughter, eligibility to Inherit, female succession, paternal estate, tribal division","Firstborn Inheritance Rights, Inheritance, Women Inheritance Rights","בנות צלפחד, יוצאי מצרים, נחלה",
Tosefta Bava Batra 7:9,"כיצד, שני אחין שהיו מיוצאי מצרים, לאחד יש לו תשעה בנים ולאחד יש לו בן אחד, ולפניהם בית חמשת כורין, תשעה נטלו בית לתך לתך, ואחד נטל בית לתך, החזירום לאבתיהם, חזרו אבות והורישו את הבנים, תשעה נטלו מחצה, ואחד נטל מחצה. ר' שמעון בן לעזר אומ' אף נתחלקה הארץ ליוצאי מצרים, כיצד, היה מן היוצאין ממצרים ומן העומדין בערבות מואב נוטל שני חלקין, מיוצאי מצרים ולא מן העומדין בערבות מואב, ולא מיוצאי מצרים נוטל חלק אחד. המתלוננים, והמרגלים, ועדתו של קרח, לא נטלו חלק בארץ, אבל הבנים ירשו בזכות אבות אבותיהן, ובזכות אמות אמותיהן. וכן היה ר' שמעון בן לעזר או' יהושע וכלב נטלו שלשה חלקים בנחלה, שהן מיוצאי מצרים, ומן העומדים בערבות מואב, ושנטלו חלקן של מרגלים.",Hebrew,"How so? Two brothers who were among those who had gone forth from
Egypt- one of them had nine sons, and one of them had one son, and before them was a field of five kors- nine took a letekh [of the field], and one of them took a letekh of the field. [If] they gave them back to their fathers, the fathers went and handed them on to the sons as an inheritance. Nine took half, and one took half. R. Simeon b. Eleazar says, ""Also the land was divided up among those who had gone forth from Egypt. ""How so? ""If one was among those who had gone forth from Egypt, he takes one share on the plains of Moab. Those present on the plains of Moab who had not gone forth from Egypt take one share. ""Those who had complained [in the wilderness] and the [ten] spies who gave an unfavorable report about the land] and the party of Korach did not take a share in the land ""But their sons inherited through the merit of the fathers of their fathers, and through the merit of the mothers of their mothers."" And so did R. Simeon b. Eleazar say, ""Joshua and Caleb took three portions, ""for they were among those who had gone from Egypt, and also among those who were present on the plains.of Moab, and they took the shares belonging to [the other ten] spies."" ",True,"Inheritance priority, brother, disputed lineage, eligibility to Inherit, father, generational rights, heir, intestate succession, order of succession, paternal lineage, property, son, tribal division",Inheritance,"יוצאי מצרים, ירושה, מרגלים, מתלוננים, נחלה, עדת קרח",
Tosefta Bava Batra 7:10,"וחלק של מרגלים נטלו יהושע וכלב, חלק המלוננים ועדתו של קרח נפל לאמצע, והבנים נחלו לעצמן. וכשם שהבן קודם את הבת בנכסי האב, כך קודם הבן את הבת בנכסי האם. ר' אלעזר בר' יוסי או' משם ר' זכריה בן הקצב, וכן היה ר' שמעון בן יהודה איש כפר איבוס או' משום ר' שמעון, אחד הבן ואחד הבת שוין בנכסי האם. ",Hebrew,"As to the [ten bad] spies, their portion did Joshua and Caleb take. 
B. As to the portion of those who had complained and the party of Korach, it fell to the common portion. And their sons inherited on their own. And just as the son takes precedence over the daughter in the estate of the father, so the son takes precedence over the daughter in the estate of the mother. R. Eleazar b. R. Yosé says in the name of R. Zekhariah b. Haqqassab, and so too did R. Simeon b. Judah of Kefar Akko say in the name of R. Simeon, ""All the same are the son and the daughter. H. ""They have an equal [claim] on the estate of the mother"". He who says, ""Let my sons divide my estate equally,"" and there was a firstborn there, if the brothers] had acquired possession of the estate of their father while he was yet alive, [the firstborn] does not take a double portion.
And if not, he takes a double portion.

",True,"Inheritance priority, daughter, disputed lineage, division of estate before death, double portion, eligibility to Inherit, female succession, firstborn, maternal estate, paternal estate, primogeniture, son","Inheritance, Women Inheritance Rights","בכור, נכסי האב, נכסי האם, נפל לאמצע, פי שנים",
Tosefta Bava Batra 7:11,"האומ' תנו מאתים דינר לפלני בני בכור כראוי לו, נוטל, ונוטל פי שנים. בבכורתו, ידו על העליונה, רצה נוטלן ורצה נוטל פי שנים.",Hebrew,"He who says, ""Give two hundred denars to So-and-so my first-. born son, with what is coming to him,"" he takes the [money] and [also] takes a double portion as his right as a firstborn. And his hand is on top. [lf] he wants, he takes [what the father has specified]. And [if] he wants, he takes the double portion [in the estate).
",True,"Gift vs. Inheritance, Primogeniture, Testamentary Interpretation, Testamentary Language, deathbed gift, division of estate before death, double portion, father, firstborn, heir, inter vivos transfer, property, shared inheritance, son, testator, verbal instruction, vesting of rights","Firstborn Inheritance Rights, Legacies","בחיי האב, בכור, בכורה, ידו על העליונה, פי שנים",
Tosefta Bava Batra 7:12,"האומ' תנו מאתים דינר לפלני בני בכור כראוי לו, נוטל, ונוטל פי שנים. בבכורתו, ידו על העליונה, רצה נוטלן ורצה נוטל פי שנים.",Hebrew,"He who says, ""Give such-and-such a field to So-and-so my wife with hat is coming to her""-she takes [the field] and also collects her marriage-settlement. And her hand is on top. [If] she wants, she takes the field. [If] she wants, she collects her marriage-settlement",True,"Gift vs. Inheritance, Primogeniture, Testamentary Interpretation, Testamentary Language, bequeathal clause, cumulative legacy, deathbed gift, double portion, extra portionem, father, firstborn, son, testamentary intent, testator","Deeds of Gift as Wills, Firstborn Inheritance Rights, Legacies","בכור, ידו על העליונה, כראוי לו, פי שנים",
Tosefta Bava Batra 7:13,"האומ' תנו שדה פלנית לפלני' אשתי בראוי לה, נוטלתה, ונוטלת כתובתה. בכתובתה, ידה על העליונה, רוצה נוטלתה, רוצה נוטלת כתובתה.",Hebrew,"He who says, ""Give two hundred to Mr. So-and-so, my creditor""- he collects the money and [also] collects the debt owing to him. [If he had said,] ""For his debt,"" he has a right only to collect the money owing to him.",True,"Testamentary Interpretation, Testamentary Language, bequeathal clause, cumulative legacy, deathbed gift, election of rights, legatum, marriage contract, property, specification of assets, testamentary intent, testator, widow's inheritance, woman","Legacies, Provision for Wife","ידו על העליונה, כראוי לו, כתובה",
Tosefta Bava Batra 7:14,"האומר תנו מאתים דינר לפל' בעל חובי בחובו, בראוי לו, נוטלו, ונוטל עוד מאתים דינר. בחובו, אין לו אלא חובו.",Hebrew,"[If] he had a field, and it had been made a surety for the wife for the settlement of her marriage-contract and for a creditor for a settlement of what was owing to him, if he then said, ""Give such-and-such a field to my wife, So-and-so, in payment for her marriage-contract, and to Mr. So-and-so, my creditor, in payment for what is owing to him, what is owing to them has been received. And their hand is on top.",True,"Gift vs. Inheritance, Testamentary Interpretation, Testamentary Language, bequeathal clause, creditor, currency, deathbed gift, debt, monetary claim, testamentary intent, testator, verbal instruction","Debts and Obligations, Legacies, Loan and Pledge","בעל חוב, כראוי לו",
Tosefta Bava Batra 7:15,"היתה לו שדה עשויה הפותיקי לאשה בכתובתה, ולבעל חוב בחובו, ואמ' תנו שדה פלנית לפל' אשתי בכתובתה, ולפל' בעל חובי בחובו, נתקבלו, וידן על העליונה.",Hebrew,"He who says, ""Give a portion to Mr. So-and-so in my estate— ""let him inherit with my sons in the position of the firstborn, he does not take a double portion. He who says, ""Let Mr. So-and-so inherit me,"" has said nothing  whatsoever. If he said, ""Give my property to So-and-so,"" his statement is carried out",True,"Creditor Priority, Secured Debt, Testamentary Language, bequeathal clause, creditor, debt, marriage contract, property, testamentary intent, widow's inheritance, woman","Debts and Obligations, Provision for Wife, Real security","אפותיקי, בעל חוב, ידו על העליונה, כתובה",
Tosefta Bava Batra 7:16,"האומ' תנו חלק לפל' בנכסי יירש עם הבנים. בבכורה אין נוטל פי שנים. האומ' יירשני פל' לא אמ' כלום. תנו נכסיי לפל', דבריו קיימין.",Hebrew,"[If] one used the language of inheritance below, and a gift above, inheritance above and a gift below, inheritance on this side and on that side, and a gift in the middle, since he has simply mentioned the matter of a gift, his statement is confirmed",True,"Gift vs. Inheritance, Testamentary Interpretation, Testamentary Language, deathbed statement, double portion, firstborn, gift, heir, inoperative will, property, property transfer, son, testament formula, testamentary intent, testator","Deeds of Gift as Wills, Firstborn Inheritance Rights","בכורה, ירושה, מתנה, פי שנים",
Tosefta Bava Batra 7:17,"כתב ירושה מלמטה ומתנה מלמעלה, ירושה מלמעלה ומתנה מלמטה, ירושה מכן ומכן ומתנה באמצע, הואיל והזכיר שום מתנה, דבריו קיימין.",Hebrew,"Yohanan b. Berogah says, ""If he made that statement concerning  someone who was appropriate to inherit his estate, his statement is confirmed. ""[But if he made that statement/ concerning someone who was not appropriate to inherit his estate, his statement is not confirmed. ""How so? ""If  he spoke concerning the daughter of the son among the other daughters, ""or concerning the son of the daughter among the other daughters, ""his statement is confirmed. ""Ilf he made that statement concerning] the daughter among the sons, or the brother among the daughters, he has said nothing whatso-ever.",True,"Gift vs. Inheritance, Testamentary Interpretation, Testamentary Language, bequeathal clause, eligibility to Inherit, gift, heir, property, property transfer, testamentary intent, testator","Deeds of Gift as Wills, Forms of Will","ירושה, מתנה",
Tosefta Bava Batra 8:3,"המוציא עשרה עבדים בני חורין, בין שיצא אחד מהן ובין שיצאו כולן, יצאו כולן. כתב והעלה להן בערכיים, זכת להן הערכיים.",Hebrew,"He who sends forth ten slaves as freemen, whether [only] one of them has gone forth or all of them have gone forth [to freedom)— all of them are deemed free. [If] he wrote [a writ of emancipation] and deposited it for them in the archives,the archives have made acquisition [of the writ for them, and they are deemed to have been emancipated].",True,"archival registration, archive for private property, collective freedom, emancipation, freedperson, manumission by testament, public document, slave, slave","Archive, Archiving, Manumission","בני חורין, עבדים, ערכיים",
Tosefta Bava Batra 8:4,"האומ' תנו נכסיי לפל', ואם מת פל' לפל', ואם [מת] פל' לפלני, הראשון אוכל פירות, ואם מת ינתנו לשיני, [השיני אוכל פירות. ואם מת, ינתנו לשלישי]. מת השיני עד שלא ימות הראשון, הראשון אוכל פירות. [מת, ינתנו לשלישי. מת שלישי עד שלא ימות השיני, השיני אוכל פירות], ואם מת, יחזרו ליורשי הנותן. הראשון מוכר קרקע ואוכל פירות דברי ר', רבן שמעון בן גמליאל או' אין לראשון אלא אכילת פירות בלבד.",Hebrew,"He who says, ""Give my property to So-and-so, and if he dies, to So-and-so, and if he dies, to So-and-so""- the first enjoys the usufruct. And if he dies, it is to be handed on to the second. And if he dies, it is handed over to the third party. [If] the second one died before the first, the first enjoys the usufruct, and if he died, [the usufruct] is to go back to the heirs of the donor. ""The first party has the right to sell the land and to enjoy the usu-fruct,"" the words of Rabbi. Rabban Simeon b. Gamaliel says, ""The first part has the right only to the usufruct alone",True,"conditional gift, deathbed statement, fideicommissum, gift after death, heir, power of sale, property, property transfer, substitutio vulgaris, successive inheritance, successive legacies, testator, usufructus, verbal instruction","Forms of Will, Usufruct","אכילת פירות, יורש, תנו נכסיי",
Tosefta Bava Batra 8:5,"שנים שהיו באין ממדינת הים, אע""פ שמשאן ומתנן ומאכלן ומשקן כאחת, ומת אחד מהן, אין חבירו יורשו, ואם היה נוהג בו משום אחוה, חבירו יורשו.",Hebrew,"Two who were coming from overseas— even though their trading, eating and drinking were done in partner-ship, [if] one of them died, his fellow does not inherit him. But if he had conducted affairs in this way because of their being brothers, [the survivor] does inherit.",True,"brother, consanguinity, eligibility to Inherit, heir, intestacy, intestate succession, partner, patria potestas, presumed relatives, societas",Classes of Heirs,"אחוה, יורש, מדינת הים, משא ומתן",
Tosefta Bava Batra 8:9,"בריא שכתב דייתיקי, שכיב מרע שכתב נכסיו מתנה, אע""פ שזיכה לאחר מתנה, לא עשה כלום. אבל הכותב בשם חבירו וזיכה לאחר מתנה, דבריו קיימין.",Hebrew,"healthy person who wrote a will—a dying man who wrote his property as a gift- even though he gave possession after the gift, he has done nothing at all. But he who writes over his property in the name of his fellow, and he gave him possession after the gift, his statement is confirmed.",True,"Gift vs. Inheritance, deathbed gift, deathbed statement, gift, inoperative will, nullity, property, property transfer, testament formula, testamentary intent, testator","Capacity, Causa Mortis, Deeds of Gift as Wills, Testaments","בריא, דייתיקי, דיתיקי, מתנה, שכיב מרע",testator health condition
"Ulp. 20, 1","Testamentum est mentis nostrae iusta contestatio in id sollemniter 
facta, ut post mortem nostram valeat.
",Latin,"A testament is the legal statement of our will, solemnly made in order that it may become operative after our death.",True,"testamentum per aes et libram, testator",Testaments,"iustus, mens, testamentum",
"Ulp. 20, 2","Testamentorum genera fuerunt tria, unum, quod calatis comitiis, alterum, 
quod in procinctu, tertium, quod per aes et libram appellatum est. His 
duobus testamentis abolitis hodie solum in usu est, quod per aes et 
libram fit, id est per mancipationem imaginariam. In quo testamento 
libripens adhibetur et familiae emptor et non minus quam quinque testes, 
cum quibus testamenti factio est.",Latin,"There were formerly three kinds of wills, one made in the presence of the Comitia, one made when about to enter into battle, and one made by means of a piece of bronze and a balance. The two first having been abolished, at present the only one in use is that made by means of a piece of bronze and a balance, that is to say, by a fictitious sale. In the execution of this kind of a will a balance holder and a purchaser of an estate are present, as well as not less than five witnesses who have testamentary capacity.
",True,"buyer, fictive sale, mancipatio, mancipatory will, scale holder, testamentum per aes et libram, testator, witnesses",Forms of Will,"calata comitia, comitia calata, familiae emptor, in procinctu, libripens, mancipatio, mancipatio imaginaria, per aes et libram, procinctus, testamenti factio, testamentum, testis","comitia calata, familiae emptor, testamentum calatis comitiis, testamentum in procinctu"
"Ulp. 20, 3","Qui in potestate testatoris est aut familiae emptoris, testis aut 
libripens adhiberi non potest, quoniam familiae mancipatio inter 
testatorem et familiae emptorem fit, et ob id domestici testes adhibendi 
non sunt.",Latin,"No one who is under the control of the testator or of the purchaser of the estate can act either as a witness or balance-holder; as the sale of the estate takes place between the testator and the purchaser, and for this reason members of their households cannot act as witnesses.",True,"buyer, dependents, disqualified witnesses, mancipatory will, patria potestas, scale holder, testamentum per aes et libram, testator, witnesses","Forms of Will, Testaments, Witnesses","familiae emptor, in potestate, libripens, potestas, testamentum per aes et libram, testator, testis",familiae emptor
"Ulp. 20, 4","Filio familiam emente pater eius testis esse non potest.",Latin, If a son is the purchaser his father cannot be a witness.,True,"buyer, disqualified witnesses, father, mancipatio, mancipatory will, patria potestas, son, testamentum per aes et libram, witnesses","Forms of Will, Testaments","familiae emptor, filius familias, testis",
"Ulp. 20, 5","Ex duobus fratribus, qui in eiusdem patris potestate sunt, alter 
familiae emptor, alter testis esse non potest, quoniam quod unus ex his 
mancipio accipit, adquirit patri, cui filius suus testis esse non debet.
",Latin,"Of two brothers who are under the control of the same father, one cannot act as purchaser and the other as a witness; as what one of them receives by the sale he acquires for his father, and a son of the latter should not be a witness to this transaction.",True,"brother, buyer, disqualified witnesses, father, mancipatio, mancipatory will, paterfamilias, patria potestas, scale holder, son, testamentum per aes et libram, witnesses","Forms of Will, Paternal Power, Testaments","familiae emptor, filius suus, frater, in potestate, mancipium, potestas, testamentum, testis",familiae emptor
"Ulp. 20, 6","Pater et filius +  qui in potestate eius est, item duo fratres, qui in 
eiusdem patris potestate sunt, testes utrique, vel alter testis, alter 
libripens fieri possunt, alio familiam emente; quoniam nihil nocet ex una 
domo plures testes alieno negotio adhiberi.",Latin,"A father, however, and a son who is under his control, as well as two brothers who are under the control of the same father, can both be witnesses; or one can be a witness, and the other the balance-holder, when a third party is the purchaser of the estate; as no harm results where several witnesses are taken from the same household in a transaction with a stranger.

",True,"brother, buyer, father, legal eligibility, mancipatio, mancipatory will, patria potestas, scale holder, son, testamentum per aes et libram, witnesses","Forms of Will, Paternal Power, Testaments","familia emptor, familiae emptor, in potestate, libripens, mancipatio, potestas, testis",familiae emptor
"Ulp. 20, 7","Mutus, surdus, furiosus, pupillus, femina neque familiae emptor esse, 
neque testis libripensve fieri potest.",Latin,"A person who is deaf, dumb, or insane, a minor, or a woman cannot act either as purchaser or balance-holder.

",True,"deaf, disqualified witnesses, legal disability, legal eligibility, mentally impaired, minor, mute, scale holder, testamentum per aes et libram, ward, witnesses, woman","Legal Capacity, Legal Capacity of Women, Mental Disability, Minors, Testaments","familiae emptor, furiosus, libripens, mutus, pupillus, surdus, testis",
"Ulp. 20, 8","Latinus Iunianus et familiae emptor et testis et libripens fieri potest, 
quoniam cum eo testamenti factio est.",Latin,"A Junian Latin may act either as purchaser, witness, or balance-holder, as he has no right to make a will",True,"Junian Latin, buyer, legal eligibility, mancipatory will, scale holder, testamentum per aes et libram, witnesses","46212, Capacity, Citizenship, Freed Persons, Legal Capacity, Testaments","familiae emptor, latinus iunianus, libripens, testamenti factio, testis",familiae emptor
"Ulp. 20, 9","In testamento, quod per aes et libram fit, duae res aguntur, familiae 
mancipatio et nuncupatio testamenti. nuncupatur testamentum in hunc 
modum: tabulas testamenti testator tenens ita dicit: ""haec ut in his 
tabulis cerisve scripta sunt, ita do lego, ita testor; itaque vos, 
Quirites, testimonium perhibetote"". Quae nuncupatio et ""testatio"" 
vocatur.",Latin,"In a will made by means of a piece of bronze and a balance, two things take place, the sale of the estate, and the declaration with reference to the will. The declaration with reference to the will is made in the following manner; the testator holding the will in his hands says: ""Whatever is written in these waxen tablets I give, bequeath, and declare to be my will, and therefore do you, Roman citizens, give your testimony."" This verbal statement is also called an attestation.

",True,"mancipatio, mancipatory will, nuncupation, tablets, testament formula, testamentum per aes et libram, testator, verbal instruction","Forms of Will, Testaments","aes et libra, familiae mancipatio, nuncupare, nuncupatio, per aes et libram, tabula, tabula testamenti, testamentum, testamentum per aes et libram, testatio, testator, testimonium, testimonium perhibere, testor",
"Ulp. 20, 10","Filius familiae testamentum facere non potest, quoniam nihil suum habet, 
ut testari de eo possit. Sed divus Augustus  + Marcus constituit, ut 
filius familiae miles de eo peculio, quod in castris adquisivit, 
testamentum facere possit.",Latin,"A son under paternal control cannot execute a will as he has nothing of his own of which to make testamentary disposition. The Divine Augustus, however, granted as a military privilege, that a son under paternal control who was a soldier, could make a will disposing of the peculium which he had acquired while in camp.",True,"dependents, legal disability, mancipatory will, patria potestas, peculium, soldier, son, testamentum per aes et libram, testator","Capacity, Legal Capacity, Paternal Power, Testaments","castra, castrum, filius familiae, filius familias, miles, peculium, testamentum, testari, testor","military testament, peculium castrense"
"Ulp. 20, 11","Qui de statu suo incertus est factus, quod patre peregre mortuo ignorat, 
se sui iuris esse, testamentum facere non potest.
",Latin,"Anyone who is uncertain as to his condition, for instance, when he is ignorant that he is his own master because his father died while absent on a journey, cannot make a will.",True,"dependents, father, legal eligibility, patria potestas, son, testamentum per aes et libram, testator","Capacity, Legal Capacity, Paternal Power, Testaments","incertus, status, sui iuris, testamentum, testamentum facere","sui iuris, uncertainty of status"
"Ulp. 20, 12","Inpubes, licet sui iuris sit, facere testamentum non potest, quoniam 
nondum plenum iudicium animi habet.",Latin,"A person under the age of puberty, although he may not be subject to parental authority, cannot make a will; as he has not yet full mental capacity.

",True,"age of legal capacity, legal disability, minor, testamentum per aes et libram","Capacity, Minors","impubes, inpubes, iudicium animi, sui iuris, testamentum",sui iuris
"Ulp. 20, 13","Mutus, surdus, furiosus, item prodigus, cui lege bonis interdictum est, 
testamentum facere non possunt: mutus, quoniam verba nuncupationis loqui 
non potest; surdus, quoniam verba familiae emptoris exaudire non potest; 
furiosus, quoniam mentem non habet, ut testari de ea re possit; prodigus, 
quoniam commercium in illi interdictum est, et ob id familiam mancipare 
non potest.",Latin," One who is dumb, deaf, or insane, as well as a spendthrift interdicted by law from the control of his property, cannot make a will; a dumb person for the reason that he cannot speak the words of the declaration; one who is deaf, because he cannot hear the words uttered by the purchaser of the estate; an insane person, as he has not sufficient intelligence to permit him to make the declaration with reference to the property; the spendthrift, because he is forbidden to engage in commercial transactions, and hence cannot sell his estate.",True,"buyer, deaf, legal disability, mancipatio, mancipatory will, mentally impaired, mute, nuncupation, testamentum per aes et libram, testator","Capacity, Legal Capacity, Mental Disability","bonis interdictum, bonum, commercium, familiae emptor, furiosus, interdicere, lex, mancipare, mutus, nuncupatio, prodigus, surdus, testamentum, testari","familiae emptor, legal interdiction, spendthrift"
"Ulp. 20, 14","Latinus Iunianus, item is, qui dediticiorum numero est, testamentum 
facere non potest: Latinus quidem, quoniam nominatim lege Iunia 
prohibitum est; is autem, qui dediticiorum numero est, quoniam nec quasi 
civis Romanus testari potest, cum sit peregrinus, nec quasi peregrinus, 
quoniam nullius certae civitatis civis est, ut secundum leges civitatis 
suae testetur.",Latin,"Likewise, a Junian Latin and one included among the dediticii cannot make a will. A Junian Latin is incapable as he is expressly forbidden by the Junian Law, nor can one of the dediticii, because he is unable to make a testamentary declaration as a Roman citizen, for the reason that he is an alien; and he is prevented from doing so, as an alien, since he is a citizen of no certain country, and cannot dispose of his property by will in accordance with its laws.",True,"Junian Latin, freedperson, freedperson without citizen rights, laws of another country, legal disability, peregrine, testator","46212, Capacity, Citizenship, Freed Persons, Legal Capacity, Testaments","civis romanus, civitas, dediticii, dediticius, latinus iunianus, leges civitatis, lex iunia, peregrinus, testamentum, testamentum facere, testari","citizenship status, dediticii, lex iunia, lex junia"
"Ulp. 20, 15","Feminae post duodecimum annum aetatis testamenta facere possunt, tutore 
auctore, donec in tutela sunt.",Latin,"Women who are over twelve years of age can make a will with the authority of their guardians, as long as they remain under guardianship.",True,"Women's Status, age of legal capacity, legal eligibility, testator, tutor, woman","Capacity, Guardianship, Guardianship over Women, Legal Capacity of Women, Minors, Testaments","auctor, duodecimus annus aetatis, femina, testamenti factio, testamentum, testamentum facere, tutela, tutor",
"Ulp. 20, 16","Servus publicus populi Romani partis dimidiae testamenti faciendi habet 
ius.",Latin,"A public slave of the Roman people has the right to make a will disposing of half of his peculium.
",True,"legal eligibility, peculium, slave","Capacity, Slavery, Testaments","pars dimidia, peculium, populus romanus, servus publicus, testamentum, testamentum facere",public slave
Lat. Insc. 7,"Ti(berius) Cl(audius) Ti(beri) f(ilius) Pop(lilia tribu) Fatalis | Roma (centurio) leg(ionis) II Aug(ustae), leg(ionis) XX | Vic(tricis), leg(ionis) II Aug(ustae), leg(ionis) XI C(laudiae) p(iae) f(idelis), | leg(ionis) XIV G(eminae) M(artiae) V(ictricis), leg(ionis) XII Ful(minatae), | leg(ionis) X Fr(etensis), III (= tertius) hast(atus) vix(it) an(nos) | XLII, mil(itavit) ann(os) XXIII. Cl(audia) | Ionice lib(erta) et heres ob me|rita eius. O(ssa) t(ibi) b(ene) q(uiescant). T(erra) t(ibi) l(evis) s(it).",Latin,,False,"Testamentary Heir, freedperson, grave, heir, woman","Freed Persons, Testaments","heres, libertus",funerary inscription
Egypt P. 9056,"[-ca.?- ἑρμηνεί]α διαθ(ήκης).
[Γάιος Λογγῖνος Κάστωρ οὐε]τρανὸς ἐντίμως ἀπ̣ολυθε[ὶ]ς
[ἐκ κλάσσης πραιτωρί]ας Μισηνῶν [δια]θήκην ἐποί[ησ]εν.
[ἐλευθέρας εἶναι κελεύω] Μαρκέλλαν δού[λη]ν μ[ο]υ μίζονα ἐ[τ]ῶν
5 [τριάκοντα καὶ Κλεοπάτρα]ν̣ δούλην μου μ[είζονα] ἐτῶν τριάκ[οντ]α
[- ca.23 -]ομο[ ̣] ἐξ ἴσου μ[έρους] ἐμοῦ κληρον[όμο]ι̣
[ἔστωσαν οἱ δὲ λοιποὶ πά]ν[τε]ς ἀπ̣οκληρονόμοι [μου] ἔ̣στωσαν. προσε[ρ]χέσ-
[θωσαν οὖν τῇ κληρονομίᾳ] μου(?)ἑκάστη ὑπὲρ τοῦ ἰδίου μέρους ὁπότ[α]ν
[γνῷ καὶ δύνηται μα]ρ[τύ]ρασθαι ἑαυτὴν ἐμοῦ κλ[η]ρονόμον εἶναι, μὴ ἐξῖ-
10[ναι] [δ]ὲ π̣[ι]π̣[ρά]σκιν μηδὲ ὑποτίθεσθαι. ἀλλʼ εἴ τι ἐὰν ἀν[θ]ρώπιν[ο]ν πά-
[θῃ] Μαρκέλλ[α] ἡ προγεγραμμένη, τότε τὸ μέρος τῆς κληρονομίας ἑαυτῆς
[πρ]ὸς Σαραπίωνα καὶ Σωκράτην καὶ Λόγγον καταντῆσαι θέλω. ὁμοίως
[Κλε]οπάτραν τὸ μέρος αὐτῆς πρὸς Νεῖλον καταντῆσαι θέλω. ὃς ἐάν μου κλη-
[ρον]όμος γέ[νητ]αι, ὑπεύθυνος ἔστω δῶναι ποιῆσαι παρασχέσθαι ταῦ-
15 [τα] πάντα, [ἃ ἐ]ν ταύτῃ τῇ διαθήκῃ μου γεγραμμένα εἴη, τῇ τε πίστι
[α]ὐτῆς παρακατατίθομαι.
[Σαρ]α̣πιὰς δούλη μου, θυγάτηρ Κλεοπάτρας ἀπελευθέρας μου, ἐλευθέρα ἔστω
[ᾗ κ]α̣ὶ̣ δίδωμι καταλίπω ἀρούρας σιτικὰς πέντε, ἃς ἔχω περὶ κώμην Κα-
[ρα]νίδα ἐν τόπῳ λεγομένῳ Στρουθῷ, ὁμοίως ἄρουραν μίαν τέταρτον
20[κο]ιλάδος, ὁμοίως τρίτον μέρος οἰκίας μ̣ου καὶ τρίτον μέρος ἐκ τῆς αὐ-
[τ]ῆς οἰκίας, ὃ ἠγόρασα πρότερον παρὰ Ἡρᾶ Πεθεῦτος μητρὸς Θασεῦτος,
[ὁ]μοίως τρίτον μέρος φοινικῶνος, ὃν ἔχω ἔγγιστα τῆς διώρυγος, ὃ καλεῖται
Παλαι[ὰ] Διῶρυξ. ἐκκο[μι]σθῆναι περιστ[αλ]ῆναί τε ἐμαυτὸ[ν] θέλω τῇ φροντίδι καὶ εὐσεβείᾳ
τῶν [κ]ληρονόμων μου. εἴ τι ἐὰν ἐγὼ μετὰ ταῦτα γεγραμμένον καταλίπω τῇ ἐμῇ χειρὶ γεγραμμένον
οἵῳ δή[π]οτε τρόπῳ βέβα[ιό]ν μοι εἶναι θέλω. ταύτῃ τῇ διαθήκῃ δόλος πονηρὸς ἀπέστη. οἰκετίαν
χρή-
ματα τ[ε] τῆς διαθήκης γε[ι]νομένης ἐπρίατο Ἰούλιος Πετρωνιανὸς σηστερτίου νούμμου ἑνός , ζυ
5 γοστα[τοῦ]ντος Γαίου Λουκρητίου Σατορνείλου, ἐπεγνοι. ἀντ̣εμαρτύρατο Μᾶρκον Σεμπρώνιον
Ἡρα
κλια[νόν], ἐπεγνοι. ἡ δια[θή]κη ἐγένετο ἐν κ[ώ]μῃ Καρανίδι νομῷ Ἀρσινοείτῃ πρὸ ιε καλανδῶν Νο
εμβρ[ι]ῶν δυσὶ Σιλάνοις ὑ[πά]τοις (ἔτους) λ Αὐτοκράτορος Καίσαρος Μάρ[κο]υ Αὐρηλίου
Κο[μμ]όδου
Ἀντωνεί[ν]ου
Εὐσεβοῦς Εὐτυχοῦς Σεβαστοῦ Ἀρμενιακοῦ Μηδικοῦ Παρθικοῦ Σαρματικοῦ Γερμανικοῦ Ἁθὺρ κα εἰ
δέ
τι πε[ρ]ισσὰ γράμματα τῇ χειρί μου γεγραμμένα καταλίπω βέβαια εἶναι θέλω.
10 ἠνύγη καὶ ἀνεγνώσθη Ἀρσινοείτῃ μητροπόλει ἐν τῇ Σεβαστῇ ἀγορᾷ ἐν τῇ στατιῶνι τῆς εἰκοσ-
τῆς τῶν κληρονομιῶν καὶ ἐλευθεριῶν πρὸ θ καλανδῶν Μαρτιῶν ὑπάτοις τοῖς οὖσι, (ἔτους) β
Αὐτοκράτορος
Καίσαρος Λουκίου Σεπτιμίου Σευήρου Περτίνακος Σεβαστοῦ Μεχεὶρ κζ. οἱ λοιποὶ σφρα(γισταὶ)
Γάιος Λογγῖνος Ἀκύλας, ἐπέγνοι, Ἰούλιος Βολύσσιος, Μᾶρκος Ἀντίστιος Πετρωνιανὸς Ἰούλιος
Γεμέλλος οὐετρ[α]νός.
15 ἑρμηνία κωδικίλλων διπτύχων. Γάιος Λογγῖνος Κάστωρ οὐετρανὸς ἀπολυθεὶς ἐν-
τίμως ἐκ κλάσσης πραιτωρίας Μισηνῶν κωδικίλλους ἐποίησα. Μᾶρκον Σεμπρώνιον Ἡρα-
κλιανὸν φίλον καὶ ἀξιόλο[γ]ον ἐποίησα ἐπίτροπον τῇ ἰδίᾳ πίστι. συνγενεῖ Ἰουλίῳ Σερήνῳ δίδωμι
καταλίπω σηστερτίους νούμμους δ. πρὸ ζ εἰδῶν Φεβραριῶν τῇ ἰδίᾳ μου χειρὶ ἔγραψα. ἐσφρά-
γισαν Λογγῖνος Ἀκύλας καὶ Οὐαλέριος Πρίσκος· σφραγισταί Γάιος Λογγῖνος Ἀκύλας ἐπέγνοι Ἰού-
20 λιος Φιλόξενος, Γάιος Λουκρήτιος Σατορνεῖλος, ἐπέγνοι, Γάιος Λογγῖνος Κάστωρ, Ἰούλιος
Γεμέλλος οὐε-
τρανός. ἠνύγησαν καὶ ἀνεγνώσθησαν τῇ αὐτῇ ἡμέρᾳ ἐν ᾗ καὶ ἡ διαθήκη ἐλύθη.
(hand 2) Γάιος Λούκκιος Γεμινι[ανὸ]ς νομικὸς Ῥωμαικὸς ἡρμήνευσα τὸ προκίμενον ἀντίγραφον καί
ἐστιν σύμφω-
νον τῇ αὐθεντικῇ διαθήκῃ. v
[- ca.19 - Γ]αί[ου] Λογ̣γείν̣ο̣υ̣ Κ[άσ]τορος.",Greek,,False,"bequeathal clause, burial rites, codicil, country property, cretio, disinheritance, fictive sale, fideicommissum, fraud, freedperson, heir, house in the city, hypothec, immovable property, legatum, manumission by testament, manumission tax, opening of testament, palm grove, power of sale, property, scale holder, shared inheritance, slave, slave, slaves status, specification of assets, substitutio vulgaris, supplements to a will, taxes, testament formula, testamentum per aes et libram, testator, veteran, witnesses","Legacies, Manumission, Testaments, Trust","αὐθεντικός, διαθήκη, δούλος, εἰκοστὴ, ζυγοστατής, κληρονομία, κληρονόμος, κωδικίλλος διπτύχων, νομικὸς ῥωμαικὸς, οὐετρανός, πίστις, πωλέω, σφραγιστής, ἀντίγραφον, ἀπελευθέρος, ἀποκληρονόμος, ἐλευθέρας εἶναι κελεύω, ἐπίτροπος, ἑρμηνεία, ὑποτίθεμαι","inheritance tax, legal expert, translation"
Gnomon 4,δ [τ]ῶν [τ]ελευτω[ν] ἀδιαθέτως ο̣ἷς οὐδείς ἐστιν ἄλλος κατὰ νόμο̣υ̣ς̣ κληρονόμος τὰ ὑπάρχοντα τῷ φίσκῳ πρ̣οσκρείνεται.,Greek,,False,"bona vacantia, eligibility to Inherit, fiscus, intestacy","46297, Intestacy","κατὰ νόμους κληρονόμους, προσκρίνω, φίσκος, ἀδιάθετος",
Gnomon 5,"ε τ[ὰ] ὑπὸ Ἀλεξανδρέων οἷς οὐ πρ̣οσήκει διατασσόμενα χωρεῖ τοῖς κατὰ νόμους ⟦αυ⟧ κληρονομεῖν αὐτοὺς δυναμένοις, ἐάνπ̣ε̣ρ ὦσι καὶ ἐπιδικάζονται.",Greek,,False,"eligibility to Inherit, heir, legatum, practice in province, testamenti factio passiva","39357, Capacity, Legacies, Testaments","διατάσσω, κατὰ νόμους κληρονόμους, ἀλεξανδρεῖς, ἐπιδικάζω",alexandrians
Gnomon 6,"ϛ Ἀλεξανδρεῖ οὐκ ἐξὸν διατάξαι γυναικὶ γενεᾶς αὐτῷ ἐξ αὐτῆς μὴ οὔσης πλέον τετάρτου μέρους ἧς ἔχει περιουσίας,τέκνων δὲ αὐτῷ ἐξ αὐτῆς ὄντων οὐ πλείονος ἐξὸν μερίζειν τῇ γυναικὶ ἢ ὅσων ἐὰν ἑκάστῳ τῶν υἱῶν διατάξῃ.",Greek,,False,"heir, legatum, legitimate children, practice in province, son, testamenti factio passiva, woman","39357, Acquisition, Citizenship, Inheritance, Legacies, Property","γενεά, γυνή, διατάσσω, μερίζω, περιουσία, τέκνον, τέταρτον μέρος, ἀλεξανδρεῖς",alexandrian law
Gnomon 7,"ζ δ[ι]αθῆκαι, ὅσαι μὴ κατὰ δημοσίους χρηματισμοὺς γείνωνται, ἄκυροί εἰσι.",Greek,,False,"nullity, public document, tax collectors","47393, Forms of Will","δημόσιοι χρηματισμοί, διαθήκη, ἄκυρος",testamentary formalities
Gnomon 8,"η ἐὰν Ῥωμαικῇ δια⟦κ⟧θήκῃ προσκαίηται ὅτι ὅσα δὲ ἐὰν διατά[ξ]ω κατὰ πινα̣κ̣ίδας Ἑλληνικὰς κύρια ἔστω, οὐ παραδεκτέα[ἐ]στίν, οὐ γὰρ ἔ[ξ]εστιν Ῥωμαίῳ διαθήκην Ἑλληνικὴν γράψαι.",Greek,,False,"Testamentary Language, legatum, nullity, tablets, testator","39361, Acquisition, Citizenship, Forms of Will, Inheritance, Property","διαθήκη, κατὰ πινακίδας ἑλληνικὰς, κύρια ἔστω, οὐ παραδεκτέα ἐστίν, ῥωμαϊκὴ διαθήκη, ῥωμαῖος",roman citizen
Gnomon 9,"θ τ[ο]ὺς ἀπελευ[θ]έ̣ρους τῶν ἀστῶν \ἀτέκνους/ καὶ ἀδιαθέτους τελευτῶν τας κληρονο[μ]ο̣ῦσιν οἱ πάτρωνες ἢ οἱ τούτων υἱοί, ἐὰν ὦσικαὶ ἐπιδικά[ζ]ο̣νται, θυγατέρες δὲ ἢ ἄλλος τι\ς/ οὐ κληρονομήσουσι ἀλλὰ̣ ὁ φίσκος.",Greek,,False,"fiscus, heir, intestacy","46297, 46301, Acquisition, Classes of Heirs, Freed Persons, Inheritance, Intestacy, Patronage/Clientela, Property, Taxation","κληρονομέω, πάτρων, φίσκος, ἀδιάθετος, ἀπελεύθερος, ἀστός, ἄτεκνος, ἐπιδικάζομαι, ἐπιδικάζω","patron, patronage rights"
Gnomon 10,"ι ὅσα ἐὰν ἀπελ[ε]ύθερος διατάξη\ταί/ τινι οὐκ ὄντι τῆς αὐτῆς τά̣ξεως, ἀναλαμβάνεται.",Greek,,False,"freedperson, legatum, seizure","38992, 46297, Legacies","confiscation, διατάσσω, τῆς αὐτῆς τάξεως, ἀναλαμβάνω, ἀπελεύθερος",
Gnomon 11,ια γυνὴ Κρηνέα τέκνον οὐ κληρ[ο]νομεῖ.,Greek,,False,"eligibility to Inherit, heir","39357, Women Inheritance Rights","γυνή, κληρονομέω, κρηνέα, κρηναῖος, τέκνον",
Gnomon 12,ιβ τὰ ἐκ Κρηνέας κα̣ὶ̣ ξένου γενόμενα τέκνα τοὺς γονεῖς ἀμφοτέ[ρ]ους κληρονομεῖ.,Greek,,False,"heir, local religions or customs","38992, Acquisition, Citizenship, Inheritance, Property","κληρονομέω, κρηνέα, ξένος","krenean, mixed marriage"
Gnomon 13,ιγ τὰ ἐξ ἀστῆς καὶ ξένο̣υ γενόμενα τέκνα ξένα γεί̣νεται καὶ οὐ κληρονομεῖ τὴν μητέρα.,Greek,,False,"heir, intestacy, testamenti factio passiva","38992, 46180, 46297, Citizenship","κληρονομέω, μήτηρ, ξένος, τέκνον, ἀστή",citizenship status
Gnomon 14,ιδ οὐκ ἐξὸν ἀστῷ ἀπελευθέροις διατάσσειν πλέον φ (δραχμῶν) ἢ [μ]ηνιαίων (δραχμῶν) ε.,Greek,,False,"legatum, testamenti factio passiva","38992, 46297, Freed Persons, Legacies","διατάσσω, ἀστός ἀπελεύθερος, ἐξ ἔστιν",
Gnomon 15,ιε οὐκ ἐξὸν ἀπελευθέραις ἀστῶν διατίθεσθαι ὥσπερ οὐ[δ]ὲ ἀσταῖς.,Greek,,False,"tax collectors, testamenti factio activa","46297, Acquisition, Capacity, Legal Capacity of Women","citizen, freedwoman, testamentary capacity, διατίθεμαι, διατίθημι, ἀπελευθέρα, ἀστή, ἀστός",
Gnomon 16,"ιϛ ὅσα ἀπελευθέροις Ῥωμαίων διατάσσεται ἐπὶ τῷ καὶ εἰς ἐ̣γ̣γόνους αὐτῶν ἐλθεῖν, ἐὰν ἀποδειχθῇ τὰ ἔγγονα μηδέπω γε̣[γο]νότα ὅτε ἡ διάταξις ἐγράφετο, ἐγλιπόντων τῶν λαβόντων ἀνα[λ]αμβάνεται.",Greek,,False,"fiscus, incertae personae, legatum, postumus alienus, seizure, tax collectors, testamenti factio passiva","46297, Freed Persons, Legacies","γράφω, διάταξις, διατάσσω, ἀναλαμβάνω, ἀπελεύθερος, ἀποδείκνυμι, ἔγγονος, ῥωμαῖος",
Gnomon 17,"ιζ τὰ καταλειπόμενα εἰς θυσίας κατοιχομένων, ὅταν μη[κ]έ̣τι ὦσιν οἱ ἐπιμεληθησόμενοι του, ἀναλαμβάνεται.",Greek,,False,"bona vacantia, burial rites, fiscus, incertae personae, seizure, tax collectors",38992,"θυσία, κατέχω, καταλείπω, οἱ ἐπιμεληθησόμενοι, τὰ καταλειπόμενα, ἀναλαμβάνω",funerary sacrifices
Gnomon 18,"ιη τὰ\ς/ κατὰ πίστιν γεινομένας κληρονομίας ὑπὸ Ἑλλήνω̣ν̣ \εἰς/ ⟦ὑπὸ⟧ Ῥωμαίους ἢ ὑπὸ Ῥωμαίων \εἰς/ Ἕλληνας ὁ θεὸς Οὐεσπασιανὸς̣ [ἀ]νέλαβεν, οἱ μέντοι τὰς πίστεις ἐξωμολογησάμενοι τὸ ἥμισ[υ ε]ἰ̣λήφασι.",Greek,,False,"heir, hereditates fideicommissariae, seizure","38992, 46297, Citizenship, Trust","εἰς ἕλληνας, εἰς ῥωμαίους, θεὸς οὐεσπασιανὸς, κατὰ πίστιν, κληρονομία, λαμβάνω, τὰς πίστεις ἐξωμολογησάμενοι, τὸ ἥμισυ, ἀναλαμβάνω, ὑπὸ ἑλλήνων, ὑπὸ ῥωμαίων",roman citizen
Gnomon 19,"ιθ τὰ διατασσόμενα ἀπελευθέροις οὐδέπω ἐσχηκό[σι ν]ο̣μ̣ί̣μην ἀπελευθέρωσιν ἀναλαμβάνεται. νομίμη δέ ἐστ̣ι̣ν̣ [ἀ]π̣ελευθέρωσις, ἐὰν ὁ ἀπελευθερούμενος ὑπὲρ τρίοκοντα [ἔ]τ̣[η] ἦν γε[γ]ο̣νώς.",Greek,,False,"legatum, seizure","38992, 46297, Freed Persons, Legacies, Manumission","διατάσσω, νόμιμος, τριάκοντα ἔτη, ἀναλαμβάνω, ἀπελευθέρωσις, ἀπελευθερούμενος, ἀπελεύθερος",lex aelia sentia
Gnomon 20,κ δουλευ ἐν δεσμοῖς γενομένῳ καὶ ὕστερον ἀπελ̣ευθερωθέ̣ντι ἢ καὶ μηδέπω τριάκοντα ἐτῶν γενομένῳ τὰ δια̣τ̣ασσόμενα ἀναλαμβ(άνεται).,Greek,,False,"fiscus, freedperson, testamenti factio passiva","46297, Acquisition, Capacity, Legacies, Manumission, Property, Slavery, Status","δεσμός, διάταξις, διατάσσω, δούλος, δοῦλος, τριάκοντα ἐτῶν, τριάκοντα ἔτη, ἀναλαμβάνω, ἀπελευθερόω, ἀπελευθερώσις","confiscation, lex aelia sentia"
Egypt P. 22244,"Τ̣ι̣[βέ]ρ̣ι̣ο̣ς Κλαύδιος Τιβε[ρί]ου [  ̣  ̣]ελεύθερος Ἀλέξανδρος διαθή-
κην ἔθ[ε]τ̣[ο].
Κ[λαυ]δία Θεανοῦς ἡ συνεξελευθέρα μου πάντων τῶν ὑπαρχόντ(ων)
μοι ἐμοὶ κληρονόμος ἔστω, οἱ δὲ λοιποὶ πάντες ἀποκληρόνομο(ί)
5μοι ἔστωσαν̣· αὑτή τε κατάδικος ἔστω διδόναι ποιεῖν πάντα ὅσα ἐν
ταύτῃ τῇ δ̣ι̣αθήκῃ ἐνγεγραμμένα ἔσονται χωρὶς δόλο(υ) πονηρο(ῦ),
ἀποφηνάσ̣[θ]ω τε τὴν κληρονομίαν μ̣ου ἐν ἡμέραις ρ ταῖ̣ς̣ ἔνγιστα
α[ἷ]ς̣ γ̣νώσε̣[ται] δυνήσεταί τε μαρτύρ[εσ]θαι ἑαυτήν μου κληρονόμο(ν)
[εἶνα]ι. ἐὰν [δὲ] μὴ ἀ̣ποφήνη[τα]ι̣ μήτ[ε μ]αρτύρητ(αι), ἀποκληρόνομο(ς) ἔσ̣τ̣ω̣.
10  ̣[  ̣  ̣  ̣] Τι̣β[έριο]ς Κλαύδιος̣ Π̣τ[ολε]μ̣αῖο̣[ς] ὁ ταύτης υἱὸς δευτέρῳ τόπῳ
[ἐμοὶ κλ]η̣ρ̣[ον]ό̣μος ἔστω̣, οἱ δ̣  ̣  ̣[  ̣  ̣]  ̣ [πά]ντες ἀποκληρόνομοι ἔσ-
[τωσα]ν· ο[ὗτό]ς τε κα̣τ̣ά̣δ̣ι̣κος ἔστω [δι]δόναι ποιεῖν πάντα ὅσα
[  ̣  ̣  ̣]  ̣[  ̣  ̣  ̣  ̣]ν̣ μ̣ο̣υ̣ [κ]ληρ̣ο̣νόμ[ο]ν̣ μητέρα τε αὐτο[ῦ] διδόναι
  ̣[  ̣]  ̣  ̣  ̣  ̣[  ̣  ̣] ἀποφηνά̣σ̣θ̣ω̣ τε τὴν [κλη]ρονομίαν μου ἐν [ἡ]μέραις
15  ̣[ταῖς ἔ]ν̣γι[σ]τ̣α̣ χ̣ω̣ρ̣ὶς [δό]λ̣ου πονη[ρ]οῦ. ὅστις μου κληρονόμος
  ̣[ -3-4- ]ητα̣ι [- ca.11 - π]α̣ρ̣α̣τίθεμαι δῶναι(*). Τιβερίωι
[Κλαυ]δ̣ίῳ Θεωνᾷ(*) συν[εξελευθ]έρῳ μου δίδωμι καταλίπω(*) (δραχμὰς) ἑκατόν ·
Τιβερίῳ Κλαυδίῳ Δημ̣[η]τ̣ρ̣ί̣ῳ σ̣υν̣ε̣ξ̣ελευθέρ[ῳ] μου δίδωμι κα-
τ̣α̣λ̣ί̣π̣ω̣(*) δραχμὰς ἑκα̣[τ]ό̣ν . τοῦ σώ̣ματός μου [τ]ὴν ἐπιμέλειαν
20τῷ κληρονόμῳ μου [κ]αταλείπω, εἰς ὃ δαπανηθῆναι θέλω
μὴ ἔλαττον δραχμῶ[ν] ἑκατόν . ἐὰν δέ τι μετὰ ταύτην μου
[τὴ]ν̣ διαθήκην πιν̣[α]κ̣είσι(*) κωδικίλλοις χ[ά]ρτῃ ἢ ἄλλῳ τινὶ
[  ̣  ̣]  ̣ει ὑπʼ ἐμοῦ γεγραμμένον ἢ ὑπογεγραμμένον ἐσφρα-
[γισ]μένον τε καταλε̣[ί]πω, διʼ οὗ δοθῆναί τι ἢ γενέσθαι παρέ̣-
25χειν τε ἐπιτρέψω κωλύσω τε, ἐν ἴσῳ βέβαιον εἶναι θέλω
ὡς καὶ ταύτην μου τὴν διαθήκην. ταύτης τῆς διαθήκης
δό̣λος πονηρὸς ἀπίτω. οἰκετείαν χρήματά τε διαθήκης
γε[ιν]ο̣μ̣έ̣[ν]η(ς) ἐπρίατο ⁦ vac. ? ⁩ σηστ(ερτίω) νούμμ(ῳ) α̣
[ζ]υ̣γοστατοῦντος ⁦ vac. ? ⁩
30[ἀ]ν̣τεμαρτύρατο ⁦ vac. ? ⁩
ἡ δ[ι]αθήκη ἐγένετο ἐν Ὀξυρύγχ(ων) πόλ(ει) τῆς Θηβαΐδος πρὸ ιϛ Καλανδ(ῶν)
Ἰουνίων Λ̣ουκίῳ Ἰουλίῳ Οὔρσῳ Σερουιανῷ τὸ γ Τίτο Οὐιβίῳ
Οὐ[ά]ρῳ ὑπάτοις (ἔτους) ιη αὐτοκράτορος Καίσαρος Τραϊανοῦ
Ἁ[δρι]ανοῦ σε[βα]στοῦ Παχών κβ. (hand 2) Τιιβέριος(*) Κλαύδιος
35Ἀλέξανδρος ἀνέγνων μου τὴν δι̣α̣θήκην πρὸς
[ἣν] ἠθέλησα τὴν Ῥ̣ωμα̣ϊκήν μου̣ γ̣[ρ]α̣φῆναι.
[συμ]φ̣ω̣νῖ(*) μοι [γ]ὰρ π̣ά̣ντα ὡ[ς πρ]ό̣κ[ιτ]αι.",Greek,,False,"Testamentary Heir, bequeathal clause, burial rites, codicil, cretio, currency, disinheritance, fictive sale, fraud, freedperson, heir, legatum, mancipatory will, property, scale holder, son, substitutio vulgaris, supplements to a will, testament formula, testamentary intent, testamentum per aes et libram, testator, woman","Acceptance of will, Disinheritance, Forms of Will, Legacies, Testaments","δαπανάω, διαθήκη, διαθήκην ἔθετο, δόλος πονηρός, ζυγοστατέω, κατάδικος, καταλείπω, κληρονομία, κληρονόμος, κληρονόμος ἔστω, κωδίκιλλος, κωδικίλλος, μαρτύρομαι, μαρτύρω, νοῦμμος, οἰκετεία, πινάκιον, σηστέρτιον, σηστέρτιος νοῦμμος, συνεξελεύθερος, σφραγίζω, χωρὶς δόλου πονηροῦ, ἀντιμαρτύρομαι, ἀπελεύθερος, ἀποκληρόνομος, ἀποφαίνω, ἐπιμέλεια, ὑπάρχοντα",
Egypt P. 20764,"[ἔτους   ̣  ̣ Αὐτοκράτορος Καίσαρος Τραιανοῦ Ἁδρια]νοῦ Σεβαστοῦ, Τῦβι ιγ, ἐν Ὀξυρύγχων πόλει τῆς Θηβαίδος, ἀγαθῇ τύχηι.
[τάδε διέθετο νοῶν καὶ φρονῶν Πεκῦσις Ἑρμοῦ τοῦ Π]εκύσιος μητρὸς Διδύμης τῆς Φιλώτου τῶν ἀπʼ Ὀξυρύγχων πόλεως ἐν ἀγυιᾷ· ἐφʼ ὃν μὲν περίειμι χρόνον ἔχειν με τὴν κατὰ τῶν ἐμῶν ἐξουσίαν
[- ca.37 - κ]α̣ὶ μεταδιατίθεσθαι. ἐὰν δὲ ἐπὶ ταύτῃ τελευτήσω τῇ διαθήκῃ, κληρονόμον ἀπολείπω τὴν θυγατέρα(*) μου Ἀμμωνοῦν μητρὸς Πτολεμᾶς, ἐὰν ζῇ, ε[ἰ δὲ]
[μή, τὴν ταύτης γενεάν, τῶν ὑπαρχόντων μοι] ἐπʼ ἀμφόδου Κρητικοῦ μερῶν κοινωνικῆς(*) οἰκίας καὶ αὐλῆς καὶ καμαρῶν. τὰ δὲ ὑπʼ ἐμοῦ ἀπολειφθησόμενα σκεύη καὶ ἔπιπλα καὶ ἐνδομενείαν καὶ εἴ τι ἄλλ[ο]
5[ἐὰν ἔχω, πάντα καταλείπω τῇ τῶν μὲν ἐμῶν τέκνω]ν μητρὶ ἐμοῦ δὲ γυναικὶ Πτολέμᾳ, ἀπελευθέρᾳ Δημητρίου Ἑρμίππου, ἐπὶ τῷ αὐτὴν ἔχειν ἐπὶ τὸν τῆς ζωῆς αὐτῆς χρόνον τὴν χρῆσιν καὶ ἐνοίκησιν καὶ ἐνοι-
[κίων ἀποφορὰν τῶν μερῶν](*)[ οἰκίας καὶ αὐλῆς καὶ καμ]αρῶν. ἐὰν δὲ συμβῇ τὴν Ἀμμωνοῦν ἄτεκνον καὶ ἀδιάθετον τελευτῆσαι, ἔσται τὰ μέρη τῶν ἐνγαίων τοῦ ὁμομητρίου αὐτῆς ἀδελφοῦ Ἀντᾶτος, ἐὰν ζῇ, εἰ δὲ μή,
[- ca.20 - καὶ μὴ ἐξεῖναι μηδενὶ ἄλλῳ π]α̣ρ̣ενχιρεῖν(*) τοῖς ὑπʼ ἐμοῦ διατεταγμένοις, ἢ τὸν παραβάντα τι τούτων ἀποτίνειν τῇ θυγατρὶ μου καὶ κληρονόμῳ Ἀμμωνοῦτι ἐπιτίμου δραχμὰς χειλίας(*) καὶ
[- ca.37 -] (hand 2) Πεκῦσις Ἑρμοῦ τοῦ Πεκύσιος καταλείπω μετὰ τελευτήν μου κληρονόμον τὴν θυγατέρα
[μου Ἀμμωνοῦν τῶν ἐπʼ ἀμφόδου Κρητι]κοῦ μερῶν οἰκίας καὶ αὐλῆς καὶ καμαρῶν· τῇ δὲ γυναικί μου Πτολέμᾳ καταλείπω πάν-
10[τα τὰ σκεύη μου καὶ ἔπιπλα καὶ ἐ]νδομενείαν καὶ εἴ τι ἄλλο αἰὰν(*) χω(*), καὶ ἐφʼ ὅσον ζῇ τὴν ἐνοίκησιν τῶν μερῶν τῆς οἰκ-
[ίας καὶ αὐλῆς καὶ καμαρῶν. ἐὰν δ]ὲ ἡ Ἀμμωνοῦς ἄτεκνος καὶ ἀδιάθετος τελευτήσῃ, ἔστω τὰ μέρη τῶν ἐνγαίων τοῦ
[ὁμομητρίου αὐτῆς ἀδελφοῦ Ἀ]ν[τ]ᾶτος ὡς πρόκιται. εἰμὶ ἐτῶν τεσσαράκοντα τεσσάρων , οὐλὴ τραχήλῳ ἐξ ἀριστερῶν,
[καὶ ἔστι μου ἡ σφραγὶς Ἄμ]μωνος.(*). (hand 3) Σαραπίων Σαραπίωνος τοῦ Διονυσίου ἀπὸ τῆς αὐτῆς πόλεως μαρτυρῶ τῇ τοῦ Πεκυσις(*) διαθήκῃ, καὶ
[εἰμὶ ἐτῶν   ̣  ̣, οὐλὴ   ̣  ̣  ̣  ̣  ̣  ̣, καὶ ἔστι μου ἡ σφ]ραγὶς Διονύσου. (hand 4) Ἑκάτων Σαραπίωνος τοῦ Ἑκάτωνος ἀπὸ τῆς αὐτῆς πόλεως μαρτυρῶ τῇ τοῦ Πεκύσιος διαθήκῃ, καὶ εἰμὶ
15[ἐτῶν   ̣  ̣, οὐλὴ - ca.13 - , καὶ ἔστι μο]υ ἡ σφραγὶς Σαράπιδος. (hand 5) Παποντὼς Διογένους τοῦ Παποντῶτος ἀπὸ τῆς αὐτῆς πόλεως μαρτυρῶ τῇ τοῦ Πεκύσιος
[διαθήκῃ, καὶ εἰμὶ ἐτῶν   ̣  ̣  ̣  ̣  ̣  ̣  ̣, καὶ] ἔστιν μου ἡ σφραγὶς Διὸς ἐπʼ ἀέτῳ(*). (hand 6) Ζωίλος Ζωίλου τοῦ Πανεχώτου τῶν ἀπὸ τῆς αὐτ-
[ῆς πόλεως μαρτυρῶ τῇ τοῦ Π]εκύσεος διαθήκῃ, καὶ ἰμὶ(*) ἐτῶν τεσσαράκοντα ὀκτὼ , \οὐλὴ/ πήχι(*) ἀριστερῷ, ἡ
[δὲ σφραγίς μού ἐστιν   ̣  ̣  ̣  ̣  ̣  ̣ Ἁ]ρποκράτου ἐπὶ κιβωρτωι. (hand 7) Ἡρᾶς ὁ καὶ Σάιος Ζηνᾶτος τοῦ Ἡρᾶτος ἀπὸ τῆς αὐτῆς πόλεως μαρτυρῶι(*) τῇ τοῦ Πεκύσιος
[διαθήκῃ, καὶ εἰμὶ ἐτῶν - ca.10 -, οὐλὴ ἀντικνημ]ίωι δεξιῶι, καὶ ἔστι μου ἡ σφραγὶ[ς π]ρ[ο]τομὴ(*) φιλ[ο]σόφου. (hand 8) Διονύσιος Διον[υσ]ίου τ[ο]ῦ Διογένους ἀπὸ τῆς αὐτῆ[ς] πόλεως μαρτ[υ]ρῶ
20[τῇ τοῦ Πεκύσιος διαθήκῃ, καὶ εἰμὶ] ἐτῶν τεσσαράκοντα ἕξ , οὐλὴ παρὰ κρόταφον δεξιόν, καὶ ἔστι μου ἡ σφραγὶς Διονυσοπλάτωνος. (hand 9) μν̣η̣μ̣(ονείου)(*) Ὀξυρ(ύγχων) πόλ(εως).
[ἔτους   ̣  ̣ Αὐτοκράτορος Καί]σαρος Τραιανοῦ Ἁδριανοῦ Σεβαστοῦ(*), Τῦβι ιγ.
[⁦ -ca.?- ⁩ διαθήκη Πεκύσιος Ἑρ]μοῦ τοῦ Πεκύσιος μητρὸ(ς) Διδύμης Φιλώτου ἀπʼ Ὀξ(υρύγχων) π[ό]λ(εως).",Greek,,False,"Right of habitation for the widow, Testamentary Heir, bequeathal clause, currency, daughter, fine, freedperson, heir, house in the city, immovable property, movable property, penalty clause, penalty for breach of will, property, specification of assets, substitutio vulgaris, testament formula, testator, usufructus, witnesses, woman",Testaments,"γενεά, διαθήκη, διατίθημι, καμάρα, καταλείπω, κληρονόμος, μαρτυρέω, μαρτυρῶ, μεταδιατίθεμαι, μεταδιατίθεσθαι, μεταδιατίθημι, μνημονεῖον, μνημόνειον, παρεγχειρέω, παρενχιρέω, σκεῦος, σφραγίς, σφραγὶς, χρῆσις, ἀδιάθετος, ἀπελεύθερος, ἀποτίνω, ἀποφορά, ἄμφοδον, ἄτεκνος, ἐνδομενεία, ἐνοίκησις, ἐνοίκιον, ἐξουσία, ἐπίτιμον, ἐπίτιμος, ἐπιτίμιον, ἔγγαιον, ἔγγαιος, ἔπιπλα, ἔπιπλον, ὁμομήτριος","identifying marks, witness identification marks"
Egypt P. 11572,"ἔτο[υς δευτέρου καὶ] εἰκοσ[τοῦ] Αὐτοκράτορος [Καίσαρος Τραι]ανοῦ Ἁ̣δριανοῦ Σεβ[αστοῦ], Π[α]ῦνι ιθ, ἐν Τεβτ[ύνι] τῆς [Π]ολέ[μ]ων[ο]ς με[ρίδο]ς τοῦ [Ἀ]ρσινοείτου
[νομοῦ.] ὁμολογεῖ [Κρο]νίων Χεῶ[τος] τοῦ Ἁρμιύσι[ος] μητρὸς Τ[αο]ρσενούφεω[ς] ἀπὸ κώμ[ης] Τεβτύνε[ως] ὡς ἐτῶν ἑβδομήκοντα
πέντε [οὐλὴ χειρὶ] δεξιᾷ συ[ν]κεχωρηκέν[αι μετ]ὰ [τ]ὴν ἑαυτο[ῦ τ]ε[λ]ευτὴν [τ]οῖς τε γεγονό[σι] αὐτῷ ἐκ τῆ[ς] μετηλλαχυίας αὐτοῦ γυναικὸς Θεναπύγ-
χε[ω]ς τ[ῆς Πατύνεως υ]ἱοῖ[ς] Ἁ[ρμ]ιύσι καὶ Ἁρφα[ήσι] ἔτι δὲ καὶ τῇ [τ]ῶν ἑτέρων α[ὐτ]οῦ Κρονίωνος τέκνων Κ[ρο]νίωνος καὶ Ταορσενούφε[ως] θυγατρὶ Τεφορ-
5σάϊτι ἀ[φήλικι, τοῖς τ]ρ[ισ]ὶ κληρον[ό]μοις, π[ά]νθʼ ὅ[σα] ἂν καταλεί[ψ]ῃ ὁ πατὴρ Κρ[ονί]ων παντοῖα ὑπάρχοντα [καὶ] ἐπίπλοα καὶ σκεύη καὶ [ἐνδ]ομενείαν καὶ
ἄ̣λ̣λ̣α̣ καὶ [πάντα τὰ ἐ]νωφειλ[ομέ]να αὐτῶι ἢ [καὶ] ἕτ[ε]ρα καθʼ ὁνδήποτε τρόπο[ν] ἑ[κ]άστωι ἐξ ἴσου κατ(*) ο(*) τ̣ρ̣ίτον̣ μέρος· τοῖς δὲ ἑ[τέ]ρο[ι]ς αὐτοῦ
Κρονί[ων]ο̣ς̣ [τέ]κνοις Κ̣ρ̣ο̣[νί]ω̣νι καὶ Ταορσεν[ο]ύφι καὶ Τεφορσάϊτι τῷ μὲν Κρονίωνι διατεταχένα[ι] μόνας ἀργυρίου δραχμὰς τεσσεράκοντα
διὰ τό, ὡς ὁ π̣[ατ]ὴ̣ρ Κρονίων π[ρο]φέρεται, ἐν π[ολ]λοῖς ἠδικῆσθαι ὑπʼ αὐτ[ο]ῦ ἐν τοῖς κατὰ τὸν βίον, ταῖς δὲ δυσὶ θυγατρᾶσι Ταορσενούφι
[καὶ] Τεφορσάϊτι, [χ]ωρὶς οὗ προφ[έρε]ται {προφερεται} κατεσκευακέναι αὐταῖς χρυσοῦ καὶ [ἀ]ργύρου κόσμου καὶ ἱματισμοῦ, δοῦν[α]ι εἰς θαλλισμοῦ
10λ[ό]γ̣ο̣ν ἑκ[άστῃ ἀργυρίου] δ̣ρ̣α̣χ̣[μ]ὰς ε[  ̣  ̣  ̣  ̣  ̣], πρὸς τοὺ[ς τρ]εῖς κληρο[νό]μ̣ους Ἁρμιῦσιν καὶ Ἁρφα[ῆ]σιν καὶ τὴν θυγατριδῆν Τεφορσάϊν ἀφήλικα οὔσης
τῆς τοῦ ὁμ[ολογ]οῦντ̣[ος Κρονί]ωνος κηδε[ίας] καὶ π[ερι]στ̣[ολ]ῆς καὶ ἀπο[δόσ]εως [τῶ]ν [πρ]οκειμένω[ν λ]η̣γά̣τ̣ων [κ]αὶ ὧν ἐὰν ἄλλων φανῆι
ὀφείλων ἰ̣[διωτικ]ῶν χ[ρεῶν καὶ δ]ημοσίων· ἐ[φʼ ὃν] δὲ χρόνον περίεστιν ὁ ὁ̣μολογ[ῶ]ν Κ[ρ]ονίων ἔχειν αὐτ[ὸ]ν τὴν κατὰ τῶν ἑαυτοῦ ἁπάν-
των ὁλοσχερ[ῆ] ἐξουσί[αν τοῦ οἰκο]νομεῖν ὡς ἐ̣ὰ̣ν̣ α̣ἱρ̣[ῆ]ι. ὑ[π]ο[γρ]α̣φεὺς Ὀνν[ῶ]φρι[ς Θ  ̣]ξωσεως ὡς ἐτ[ῶν] ἑξήκοντα δύο οὐλὴ μετώπωι· μάρ-
τυρες Ἵππαλ̣ο̣ς Χράτο(υς) ὡ̣[ς ἐτ]ῶν ἑξήκον[τα] ὀκτὼι(*) [οὐ]λὴ π̣ήχι(*) δεξιῶι, Σωτήρι[χο]ς Εὐτύχου ὡς ἐτῶν τεσσεράκοντα οὐλαὶ ὀφρύ-
15σιν ἀμφοτέ̣ρ̣αις, Κ[ρονίω]ν Τυράννου ὡς ἐτῶν τριάκοντα̣ δύο οὐληι(*) ἀντικνημίωι ἀριστερῶι, Ζωΐλος ὁ καὶ̣
Τύραννος Κρ[ο]νί[ω]νο̣[ς] ὡς ἐτῶν τριάκ[ο]ντα [οὐ]ληι(*) γόνατι δεξιῶι, [Ἀ]ρητίων Ἰσίωνο[ς] ὡ̣ς ἐτῶν τεσσεράκον-
τα οὐλὴ ποδὶ δεξιῶι, Δι[ογέν]ης Ὡρίωνος ὡς ἐτῶ̣ν̣ [ε]ἴκοσι ἓξ οὐληι(*) μετώπωι, οἱ ἓξ μάρτυρες τῷδε τῷ συγχωρήματι.
(hand 2) Κρονίων Χεῶτος ὁμολ[ογ]ῶι(*) συκεχωρηκέναι(*) μετὰ τ̣ὴν τελευτήν μου τοῖς τ̣έ̣κ̣ν̣ο̣ι̣ς̣ μου Ἁ̣ρμιύσι καὶ Ἁρφαήσι καὶ τῇ θυγατρι-
τῇ(*) μου Τεφορσάϊτι τοῖ[ς τρ]ισὶ [κλ]ηρονόμοις κοινο͂ς(*) ἐξ ἴσ̣ου πάνθʼ ὥσα(*) ἂν καταλείψω παντοῖα ὑπάρχοντα καὶ ἐνδομενια(*) πασα(*) καὶ τὰ ἄλ-
20λα, τῶι δὲ υἱ[ῶι] Κρον[ί]ωνι δ̣[ι]α̣[τετ]α̣χέναι ἀδικ[ησ]αντα(*) μ̣ό̣ν̣[α]ς δραχμὰς τεσσεράκοντ[α , τα]ῖς δὲ δυσὶ θυ[γ]ατρᾶσι [Ταορ]σενούφι καὶ Τεφορσ̣άϊτ̣ι
ἑκάστῃ τὰς δραχμὰς ε[  ̣  ̣  ̣  ̣  ̣] κ̣αὶ ἐπὶ ταῖς ἄ[λ]λ̣αις δια̣θ[ήκ]α̣ις καθὼς πρό[κε]ιται· κ[αὶ σφ]ραγιῶι(*) γλύματι(*) Ε̣ἴ̣σ[ιδ]ος(*) καὶ Ἁρποχράτου. ἔγραψα
ὑπὲρ αὐτοῦ Ὀννῶφρ̣ις Θ[  ̣  ̣ξω]σεως μὴ εἰδότο(ς) τὰ̣ γ̣ρ̣ά̣[μματ]α. (hand 3) Ἵππαλος Χράτο(υς) μαρτ̣υ̣[ρ]ῶ̣ καὶ σφραγιῶι(*) γελλυματι(*) Ἁ̣ρ̣ποχράτου. (hand 4) Σωτήριχος
Εὐτύχου μαρτυρῶ καὶ σφ̣ρ̣αγιῶ γλύμματι Σεραπιαδος. (hand 5) Κρον[ίω]ν Τυράννου μαρτυρῶ καὶ σφραγιῶι(*) γυλματι(*) Ἀθηνᾶ. (hand 6) Ζωΐλος ὁ καὶ Τύ-
ραννος Κρονίωνος μ̣α̣ρτ̣υρῶ καὶ σφραγιῶ γλύματι(*) Ἑρμοῦς(*) (hand 7) Ἀρ̣ητί̣ων Ἰσιων(*) μ[α]ρτυρῶ [κα]ὶ σφρακι[ῶ]ι(*) γλύ-
25μματι Σεραπάμμω̣νος. (hand 8) Διογένης Ὡρίωνος μαρτυρῶ καὶ σφρ̣αγιῶ γλύματι(*) Ἴσιτος(*) καὶ̣ [Σ]εράπιδος. (hand 9) ἔτους δευ-
τέρου καὶ εἰκοστοῦ Αὐτοκράτ[ο]ρ̣ος̣ Καίσαρος Τ̣ρ̣αιανοῦ Ἁδριανο̣ῦ̣ Σεβα(στοῦ) Παῦνι ιθ. ἀναγέγρα(πται) διὰ τοῦ ἐν Τεβτύνι γραφείου.",Greek,,False,"archival registration, bequeathal clause, burial rites, daughter, debt, dowry property, gift after death, grandchild, heir, meriteia, minor, movable property, property, shared inheritance, son, testament formula, testator, witnesses","Disinheritance, Forms of Will, Testaments","γλύμμα, γραφείον, γραφεῖον, δημόσιος, διαθήκη, διατάσσω, θαλλισμός, καταλείπω, κηδεία, κληρονόμος, λῆγατον, μάρτυς, μετὰ τὴν τελευτήν, οἰκονομέω, περιστολή, συγχωρέω, συγχώρημα, τελευτή, χρέος, ἀναγράφω, ἐνδομενεία, ἐξουσία, ἐπίπλοον, ἰδιωτικός, ὁμολογία, ὑπογραφέως, ὑπογραφεύς",
N.E. P. 23499,"AD 128 Maoza

r,int,Fr??

[⁦ -ca.?- ⁩ καλανδ]ῶν̣ Μ̣α̣[ίων ⁦ -ca.?- ⁩]
r,int,ctr

[⁦ -ca.?- ⁩] ἥ[μι]σ̣υ [⁦ -ca.?- ⁩]
[⁦ -ca.?- ⁩ διαθετ]ῶ̣ν̣, ν̣[ό]τ̣[ου]
[ἀγορά,] βορ[ρᾶ ⁦ -ca.?- ⁩]α̣ι τ̣α̣ύ̣τ̣η̣ν̣ [κ]αὶ ἄλλη̣[ν]
[⁦ -ca.?- ⁩]  ̣ δι̣α̣θή̣[κ]ην κυ-
5[⁦ -ca.?- ⁩ σκάπ]τειν β̣[ο]θ̣α̣νειν(*)
[⁦ -ca.?- ⁩]  ̣  ̣  ̣  ̣[- ca.15 -παρ]α̣ν̣[γ]ε̣ι̣ει(*) Σελαμψ̣[ι-]
[οῦς τῷ αὐτῷ Ἰούδατι τευχίσει αὐτὴν διὰ δημοσί]ω̣ν̣. ⁦ vac. ? ⁩
r,int,Fr??

-- -- -- -- -- -- -- -- -- --
1[⁦ -ca.?- ⁩]π̣ασι οις αι[⁦ -ca.?- ⁩]
[⁦ -ca.?- ⁩]η̣[⁦ -ca.?- ⁩]
-- -- -- -- -- -- -- -- -- --
r,ext

ἐπ̣[ὶ ὑπ]ά̣τ̣[ων Πουβλίου Με]τ̣ε̣[ιλίου] Ν̣έ̣π̣ω̣[τος] τὸ δ[εύτερο]ν κ̣[αὶ Μάρ]κου Ἀνν̣ίου
Λ̣ί̣β̣ω̣ν̣ο̣ς̣ π̣ρ̣[ὸ ἑκ]κ̣α̣ί̣δ̣ε̣κ̣α̣ κ̣α̣λ̣α̣ν̣δ̣ῶ̣ν̣ Μαίων, κ̣α̣τ̣ὰ̣ [τὸν] ἀ̣ρ̣[ιθ]μ̣ὸ̣ν̣ [τῆς] ν̣έ̣α̣ς̣ ἐ̣π̣α̣ρ̣-
10[χείας ἔτους τρίτου εἰ]κ̣[οστο]ῦ̣ Ξ̣α̣νδικοῦ ἕκ[τ]ῃ καὶ εἰκάδ[ι], ἐν̣ Μ̣α̣ω̣ζας(*) τῆς πε-
[ρὶ Ζοα]ρ̣α, [δι]έ̣θ̣ε̣τ̣[ο Ἰο]ύ̣δ̣ας Ἐ̣λ[αζά]ρου Χθουσ[ίω]νο̣ς̣ Ἠ̣νγ̣α̣δη̣[νὸ]ς̣(*) οἰκῶν ἐν
Μαωζᾶς(*) [Σελ]αμψιο̣ῦ̣ς θυ[γατ]ερ̣(*) π̣ά̣ν̣[τα τὰ ὑ]πάρ[χον]τ̣α αὐ̣[τ]ῷ [ἐ]ν Ἠνγ̣αδῆς(*)
ἥ[μισ]υ̣ α[ὐ]λ̣ῆς   ̣  ̣  ̣  ̣[  ̣  ̣]ρ̣αν [  ̣  ̣]ν̣α̣γ̣ωγ̣[  ̣  ̣]ν̣η̣  ̣[  ̣]  ̣ν̣οτ̣ο̣[  ̣  ̣  ̣]ν ἥμισυ οἰ-
κοιμάτων̣(*) καὶ ὑπερωαις(*) ἐνο[υ]σι(*) χωρὶς αὐ̣λῆς μικκῆς π̣αλ̣εαν(*) ἐ̣νγὺς(*)
15τῆς α̣ὐτ̣[ῆ]ς̣ αὐλῆς, καὶ τ[ὸ] ἄλλ̣ο̣ ἥμισυ τῆς αὐλῆς καὶ οἰκο̣ιμ̣ά̣των(*) διέθε-
το̣   ̣  ̣[  ̣ Ἰ]ο̣ύ̣δας τ̣ῇ αὐ̣[τ]ῇ [Σελ]α̣μψιοῦ[ς] μετὰ τὸ αὐτὸ[ν] τ̣ε<λε>υτῆσαι, ὧν
γείτ̣ω̣νες̣(*) [τ]ῆ̣ς αὐλῆς καὶ οἰκοιμά[των](*)[ ἀν]α̣τολῶ̣ν Ἰησοῦ Μαδδαρωνα
καὶ αὐρίχω̣ρον(*), δυσμῶν ὁ διεθετῶν(*), νότου ἀγ̣ορά, βορρᾶ ὁδός, περὶ δὲ
πλάνης γειτνιῶν οὐ μεθάξει(*) Σελαμψιοῦς, σὺν εἰσόδοις κ̣α̣ὶ ἐξόδο̣ις, πλίν-
20θοις, δόκωσι(*), θυρίαις(*), θυρίσι, καὶ τοῖς ἐνοῦσι πανταίοις(*), ὥστε ἔχειν τὴν προ-
γ̣εγ̣ρ̣α̣μ̣μ̣[έ]ν̣ην Σελαμψ̣ιοῦ[ς] τ̣ὸ ἥμισυ̣ τῆς προγεγραμμένης αὐ-
λῆς καὶ οἰ[κη]μ̣[ά]τ̣ω̣ν̣ ἀ[πὸ τῆς σήμερον καὶ τὸ] ἄ̣λ̣λο ἥμ[ι]σ̣υ̣ μετὰ τὲ(*) τε-
λ̣[ευ]τ̣ῆσα̣ι̣ τοῦ αὐτοῦ Ἰούδα κ̣υρίω[ς](*)[ καὶ βε]β̣αίω̣ς εἰς τὸν ἅπ̣α̣ντα χρόνον̣,
[οἰκ]οδομεῖν, ὑπερ<αίρ>ειν̣, ὑψε̣ῖ̣ν(*), σκάπτε̣ι̣ν, βοθανειν(*), κτᾶσθαι, χρᾶσθαι, πω-
25λεῖν, διοικεῖν, τ̣ρόπῳ ᾧ ἂ̣ν̣ α̣ἱρῆ̣<ται>, π̣ά̣ν̣τ̣α κ̣ύ̣ρ̣ι̣α̣ καὶ βέβαια. ὅταν δὲ
παρα̣νγείλει(*) Σελα<μ>ψιοῦς τῷ αὐτῷ Ἰούδατι, τευχιζζει(*) αὐτὴν διὰ δημο-
σίων.
Aramaic 2 lines
30⁦ vac. ? ⁩   ̣[  ̣]  ̣  ̣ας̣ Σίμ̣ω̣[ν]ο̣ς ἔγραψα.
v

Aramaic 3 lines
34[Σ]ο̣υ̣μαῖος Κα̣[  ̣]αβαίου μάρ̣(τυς)
35[⁦ -ca.?- ⁩]
Aramaic 2 lines",Greek,,False,"boundaries of property, daughter, division of estate before death, double document, father, from today and after death, gift, gift after death, immovable property, local religions or customs, practice in province, property, property transfer, testator","Deeds of Gift as Wills, Testaments","διαθέτης, διαθέτω, διαθήκη, διατίθημι, μάρτυς, μετὰ τὴν τελευτήν, παραγγέλλω",
N.E. P. 1000,"על הפטית ליקיס קטוליס סורס תנינותא/תניניתא/ ומרקס אורליס אנטונינס שנת תלת לאוטקרטור קסר טרינס הדרינס סבסטס ועל מנין
הפרכיה דא בעשרין וארבעה בתמוז שנת עשר וחמש במחוז עגלתין יהב ומקים במלה קימה מתנת עלם די לא תעדה מן רעותי
אנה שמעון בר מנחם די עמר במחוזא לכי אנתי מרים אנתתי ברת יוסף בר מנשה ית כל מה די איתי לי במחוזא מן בתין ודרו֗ן ושפלין ועליין
ומאני בי וחרוף ועללהי וגני תמרין וארע ואילן כלה כדי <כ>ת<י>בין אתריא בלחוד בש֗טרא דנה ושאר כל מנדעם די איתי לי די לא וציף עם כל די
אקנא ויהוא לי מן כען יהבת לכי מתנת עלם ואלין שמהת אתרי מתנתא דא ג֗[נ]ת תמריא די לי ש֗פירא וכל די בה תחומיה למדנחא מדברא
ולמערבא ירת֗י֗ יוסף בר דרמנס ולצפונא ארע וערת [ד]י לירתי מנחם ואחרנין ולדרומא ירתי יוסף בר בבא וענימוהי עם יר֗ת֗י יוסף בר דרמנס לילא
חמ֗ש֗א֗ בש֗ב֗ה֗ שעה ופ֗לג֗ מן֗ שעין תלת וכות מת֗נא֗ א֗חרי ית אתרא די מ֗תק֗רא כרבא נציב תמרין תחומוהי למד֗נחא גרמאלה בר
ערהזו ו֗ל֗מ֗ע֗ר֗ב֗א֗ נ֗הר֗א ר֗ב֗א ו֗י֗ר֗ת֗י֗ [יוחנ]ן בר בבא לדרומא ולצפונא מנ֗לס בר עותאלה וענימוהי כדי חזה וגנתא חד֗תא ד֗י֗ בני טבירוס וסחר
לי מן [ש]מ֗ע֗ו֗ן֗ ה֗ב֗ג֗ד֗ ת֗ח֗ומיה למדנחא ולד֗ר֗ומא גרמאלה בר ערהזו ולמערבא שמוע בר מנחם ו֗א֗ח֗ר֗נ֗י֗ן֗ ולצ֗פ֗ו֗נא נהרא דכ֗ר֗א֗ וארחא <ועני>מיה יום
[חד בשבה פלגות שעה מן מי ודיא] ע[ם י]ר֗ת֗י֗ ה֗ב֗ג֗[ד ויום תרין פלגות שעה מן תלת קיסמא וכות] א֗ר֗ע֗א חורתא ותמריא
[תחומ]יה למדנחא י[רתי יוסף בר ]בבא ٠٠٠٠٠ ו[ל]מער[ב]א ש[מוע ]בר מנחם ולצפונא אתריא ד֗[י] ל֗י[רתי יוסף בר ערתי] די פלגין ל٠٠٠ּ[ ולדרומא יו]חנה
[ברת מכותא ענימיה יום ארבעה בשבה שעה חדה ולי]ל ארבעה בשבה שעה עם ירתי יוסף בר בבא [ועם] זבד֗יו֗ן֗ [ו]ח֗ב֗ר֗ו֗ה֗י֗ [וכות] מתנה אחרי כ֗ל תמרין
[ואילן מבדרין דילי במ]ח֗ו֗ז֗א֗ [על שקיא וכות] מ֗ת֗נ֗ה֗ אחר֗י ד֗ר֗ת֗א֗ ובתיא דילי במחוזא ועליהום [ושפלהום] וכל די בהום עם כל די עלא כדי חזא לי בהון
٠٠٠ּ ٠٠ ٠٠٠٠٠٠٠٠٠ ٠٠ וכ֗ו֗ת֗ [מנעל ומ]נ֗פק [וע]נימ[י]ן֗ כלא י֗הבת לכי אנתי מרים אנתתי מתנת עלם על אסרה די אהוא אכל ומחסן ופרע
פ֗ר֗ע֗ו֗ן֗ מל֗כ֗ה֗ו֗ן֗ ו֗ע֗מ֗ר֗ ו֗מ֗ע֗מ֗ר֗ ב֗ד֗ר֗תא וב֗ת֗י֗א כל י֗ו֗מ֗י֗ ח֗י֗י֗ וכדי אהך לבית עלמי תהוין ר֗שיה ושליטה באתרי מתנתא דא או במ֗ה די
[א]ש֗ב֗וק֗ מנהו֗ן֗ וד[י לא אשתרהן] ול֗א֗ אתז֗בן לפרנוס נפשי֗ מן באתר דנה ובכל נכ֗ס֗ין ודמי נכסין ומ֗א֗ני בי וכל מנדעם זעיר וסגיא די יהוא
לי מן כע֗ן [ועד עלם] די וציף בשטר מתנתא דנה למקנא ולמזבנו ולמנחל ולמורתו ולמרהן ולמנתן ולמזרע ולמנצב ולמבנא ולמפרוע
פרענהון ולמעבד ב֗ה֗ו֗ן כל די תצבין אנתי ובניכי וירתיכי ומן די יחסן מן ידכי מן יום די אהך לבית עלמי ועד עלם ונדר ומומא ואסר
ושבועה לא איתי לבני ולירתי ולאנוש כלה בשמי לא עליכי ולא על ירתיכי ולא על מן די יחסן מן ידכי מתנתא דא או מן קצתה מנדעם
על כל די איתי לי וציף ודי לא וציף ואיתוהי ויהוא לי מן כען כלא יהוא לכי בנזק/בנוף/ מתנתא דא ורשיה ושליטה למעבד כל די תצבין
מן יום די אהך לבית עלמי ועד עלם ודין ודבב ומומא כלה לא איתי לירתי ואצדקי ואנוש כלה בשמי עליכי ולא על ירתיכי על כל די עלא
ועל כל די אשבוק קדמיכי כדי אהך לבית עלמי מן כלא כתבת מבר֗[א] יתכי וית כל ולד די תלדין מני מן כען וית כל אצדק וירת
ואנוש די יחסן מן ידכי מתנתא דא או מן קצתה מנדעם מן נדר ומומא כלה מן כל אנוש בשמי אצדק וירת ורחיק וקריב
בחיי ומן די אהך לבית עלמי ועד עלם כחליקת מתנתא ובראוניא די מתכתבין לעלם בלחוד די קים יהוה לבבתא ברתנה
די הן תתארמל ולא יהוא לה בעל די תהוא עמרה בבית אוריא די מן קצת אתרי מתנתא דא ועללה ונפקה עמכי בדרתא ה^י^
לבית**אוריא כל יומין די תהוא ארמלה די לא בעל ולא רשיה ולא שליטה תהוא למנעלו לביתא הו בעל כדנה מן רעותי כתבת ואברית
יתכי מן ירתי ומן אנוש בשמי על כל די עלא כתיב מן נדר ומומא ודין ודבב ומן עלת כל מנד[ע]ם ז֗ע֗יר וסגיא [ב]ח֗יי ומן י֗ו֗ם֗ [די אהך
לבית עלמי ועד עלם על די כדן לקבל דך מתנתא דא יהבת לכי֗ ע֗ל֗ א֗ס֗ר֗ ד֗י֗ ת֗ה֗[וי]ן֗ [א]נ֗ת֗[תי כדי] מן קדם דנה ומשמשה [יתי
מן ק֗צ֗ת֗ מ֗ת֗נ֗תא֗ דא֗ [כדי מן קדם דנה וקים כל די עלא כתיב ל[קבל ד]ך֗
[ע]ל[ הפטית ]ל[יקיס קט]ל[יס סורס תנינותא/תניניתא/ ומרקס אורליס אנטונינס שנת ת]ל[ת לאוטקרטור
[קסר טרינס הדרינס סבס]ט֗ס֗ ו֗ע֗[ל מנין הפרכיה דא בעשרין וארבעה בתמוז שנת
[עשר וחמש במחוז ע]ג֗לתין יהב֗ ו֗מ֗ק֗י֗ם֗ [במלה קימה מתנת על]ם די לא תע֗[דה מן רעותי
[אנה שמעון בר מנ]ח֗ם֗ ד֗י֗ עמר במח[וזא לכי ]א֗נתי מ֗רים אנתתי ברת יו֗ס֗[ף
בר מנשה י֗ת֗ כ֗ל֗[ אר]ע ואילן[ כלה כדי כתיבין אתריא בלחוד בשטרא דנה
[ושאר כל מנד]ע֗ם֗ ד֗[י לא וציף די] איתי לי [או די אקנא ויהוא לי מן כע]ן כלא יהב[ת לכי מתנת
[עלם אלין שמהת אתרי מתנתא דא גנת תמריא די לי שפיר]א֗ וכל די בה תח[ומיה למדנחא מדברא
[ולמערבא] ירת֗[י י]וסף ב֗ר דורמנס ו֗לצפונא א[רע ו]ע֗רת די לירתי מנחם ואחרנין ולדרומא
ירתי יוסף֗ בר בבא וע֗נ֗ימיה עם ירתי יוסף בר [דו]רמ֗נס מין שעה ופלג מן שעין תלת
וכות אתרא די מתקרא כרבא נציב תמרין תחומוהי למד[נ]חא [ג]רמאלה בר ערהזו ולמ[ערבא
[נ]ה֗רה דכ[ר]א֗ [וירתי יו]חנן בר בבא ולד֗ר֗ומ֗א ולצ[פו]נ֗א֗[ מ]נ֗ל֗ס בר עותלה וענימיה כדי חזא
וכות גנתא חד[תא די בני טבירו]ס֗ וסחר לי מן שמעון הבגר תחומיה למדנחא
[ו]ל֗[ד]רומא גרמלה בר ערהזו ולמערבא שמוע בר מנחם ואחרנין ולצפונא נהרא דכ֗ר֗א֗
וארחא ענימיה חד בשבה פלגות שעה מן מי ודיא עם ירתי הבגר ויום תרין
[פ]לגות שעה מ[ן ]ת֗לת קיסמא וכות ארעא חורתא ותמריא די בה תחומיה למדנחא
[יר]ת֗י יוסף[ בר בבא ٠٠٠ּ] ע[٠٠٠ ו]למ֗[ערבא שמוע ]בר מנחם ולצפונא אתריא די ליר֗ת֗[י י]ו֗סף
בר עתרי די פלגין לי֗[٠٠٠ּ ולדרומא יו]חנה ברת מכותא ענימיה יום ארבעה בשבה
ש֗עה חדה ולילא ארבעה בשבה שעה חדה עם ירתי יוסף בר בבא ועם זבדיון
[ו]חברוהי וכות כל תמרין ואילן מבדרין די לי במחוזא על שקיא וכות מתנה אח֗ר֗י֗
דרתא ובת[יא די] לי במחוזא ועליהון ושפלהון וכל די בהון עם כל ד[י ע]ל[א] כ֗ת֗י֗ב֗ [כ]די חזא
[לי ב]הון ש[٠٠٠] ٠٠٠ּ[٠٠] ٠٠לל٠٠٠٠٠٠٠٠[ מנע]ל ו[מנ]פק ועני כלא יהבת לכי֗ א֗נתי מרים
אנתתי ברת יוסף[ מתנ]ת֗ ע֗ל֗ם[ על ]א֗סר֗ה די אהוא אכל ומחסן ופרע פרעון מלכהון
[וע]מר ומעמר בדרתא ובתיא אנון כל יומי חיי וכדי אהך לבית עלמי תהוין
רשיה ושליטה באתרי מתנתא דא או במה די אשבוק מנהון כדי א֗ה֗ך֗
[ל]בית עלמי די לא אתזבן ולא אשתרהן לחשחות נפשי מן באתר֗[ דנה ובכ]ל֗ נ֗כ֗[סין
ודמי נכ[סין ומאני ]בי וכל מנדעם זעיר[ ו]סגיא די יהוא לי מן כע[ן ועד ע]ל֗[ם
[ד]י וצ֗[יף בשטר מתנת]א֗ ד[נה] ל֗[מ]קנא ולמזבנו ולמנחל ולמורתו ולמרהן ולמנתן ולמזרע֗
[ו]ל֗מ֗נצב ולמבנא ולמפרוע פרענהון ולמעבד בהון כל די תצבין אנתי ובניכי די יהו[ון
לכי מני מן כען וירתיכי מן די יחסן מן ידכי מתנתא דא או מן קצתה מנדעם[ מ]ן
יום די אהך לבית עלמ֗י֗ ועד עלם ונדר ומומא ואסר ושבועה֗ ל֗[א א]י֗ת֗[י] ל֗ב֗[ני
ויר֗ת֗י֗ ו֗א֗נוש ב֗שמי רחיק וקריב לא על[י]כי ולא על ירתיכי ולא על [מ]ן֗[ די יחס[ן֗ מ֗ן֗[ ידכי
[בחיי ומן די] אהך לבית עלמי על די כדן לעלם כדנה מן רעותי כתבת לכי
מתנתא דא כדי עלא די תהוין אנתתי כקדמיתא ומשמשה יתי מן קצתה מתנתא֗
דא עד יום די אהך לבית עלמי ותהוין רשיה ושליטה בכל די אש[בוק
כדי עלא מן יום די אהך֗ לבית עלמי ועד עלם די לא דין ולא ד֗[בב ו]ל[א] מ֗ו֗מ֗[א ולא נדר
כחל֗י֗ק֗ת֗ מת֗נתא ובראוניא די מתכתב֗ין לעלם בלחוד די קים י֗[ה]וא [ל]בב[תא
ב֗ר֗[תנה ד]י ה֗ן֗ ת֗ת֗[א]ר֗מל ולא יהוא לה בעל די תהוא עמרה בבית אוריא די מן
קצת מתנתא דא ועללה ונפק֗[ה ע]מ֗כ֗י֗ בדרתא הי לבית אוריא כ֗ל יומ֗[ין
די תה֗ו֗א֗ א֗[רמ]ל֗[ה די לא ]ב֗ע֗ל֗ ולא רשיה ולא שליטה תהוא למנ֗[ע]לו֗[ לביתא
[ה]ו֗ בעל כ֗[דנה מן רעו]ת֗י כתבת ואברית יתכ֗י מ֗[ן ירתי ומן כל אנוש
[בשמי על כל די עלא כתיב מן נדר ומומא ודין ודבב ומן
[כל על]ת֗ מ֗[נדעם ז]ע֗יר וסגיא [בחיי ומן יום די ]א֗ה֗ך֗ ל֗ב֗י֗ת֗ ע֗ל֗מ֗י֗
ועד עלם על די כד֗ן֗[ ל]קבל דך
[שמעון] ב֗ר֗ מ[נ]ח֗ם על נפשה כתבה
[٠٠٠] ٠٠ [٠٠٠ שה]ד
[٠٠٠ ב]ר֗ מ[נ]חם֗ שהד
[٠٠٠] ٠٠٠٠٠ [שה]ד֗
[٠٠٠]ּיה[٠٠٠]שיפונא מן בית עש֗הו֗
[٠٠٠]٠٠٠שה[٠٠
[٠٠٠]שמעון[٠٠٠",Aramaic,,False,"Right of habitation for the widow, boundaries of property, double document, from today and after death, gift, heir, immovable property, inter vivos transfer, local religions or customs, palm grove, practice in province, property, property transfer, testator, usufructus, widow's inheritance, woman","Deeds of Gift as Wills, Trust, Women Inheritance Rights","אכל, ארמלה, בית עלם, גנת תמריא, חליקת מתנתא, ירת, למנחל, מומא, מן רעותי, מתנת עלם, מתנתא, נדר, נכסין, שבועה, שהד, שטרא",
Grk. Insc. 10020,"Ἔτους πεντεκαιδεκάτου, μηνὸς Λώιου.Ἀγαθῆι τύχηι. Τάδε διέθετο βασιλεὺς
Πτολεμαῖος βασιλέως Πτολεμαίου
καὶ βασιλίσσης Κλεοπάτρας, θεῶν
Ἐπιφανῶν, ὁ νεώτερος· ὧν καὶ τὰ ἀντίγραφα
εἰς Ῥώμην ἐξαπέσταλται. — Εἴη μέν μοι
μετὰ τῆς τῶν θεῶν εὐμενείας μετελθεῖν
καταξίως τοὺς συστησαμένους ἐπί με
τὴν ἀνόσιον ἐπιβουλὴν καὶ προελομένους
μὴ μόνον ⟦oν⟧ τῆς βασιλείας, ἀλλὰ καὶ
τοῦ ζῆν στερῆσαί με· ἐὰν δέ τι συμβαίνηι
τῶν κατ’ ἄνθρωπον πρότερον ἢ διαδόχους
ἀπολιπεῖν τῆς βασιλείας, καταλείπω
Ῥωμαίοις τὴν καθήκουσάν μοι βασιλείαν,
οἷς ἀπ’ ἀρχῆς τήν τε φιλίαν καὶ τὴν
συμμαχίαν γνησίως συντετήρηκα·
τοῖς δ’ αὐτοῖς παρακατατίθεμαι τὰ πράγματα
συντηρεῖν, ἐνευχόμενος κατά τε τῶν θεῶν
πάντων καὶ τῆς ἑαυτῶν εὐδοξίας, ἐάν τινες
ἐπίωσιν ἢ ταῖς πόλεσιν ἢ τῆι χώραι, βοηθεῖν
κατὰ τὴν ψιλίαν καὶ συμμαχίαν τὴν ⟦πρὸς⟧
πρὸς ἀλλήλους ἡμῖν γενομένην καὶ τὸ
δίκαιον παντὶ σθένει.
— Μάρτυρας δὲ τούτων ποιοῦμαι Δία τε τὸν
Καπετώλιον καὶ τοὺς Μεγάλους θεοὺς
καὶ τὸν Ἥλιον καὶ τὸν Ἀρχηγέτην Ἀπόλλωνα,
παρ’ ὧι καὶ τὰ περὶ τούτων ἀνιέρωται γράμματα.
Τύχηι τῆι ἀγαθῆι.",Greek,,False,"Testamentary Heir, deposit, heir, oath clauses, property, public document, testament formula, testamentary intent, witnesses","Forms of Will, Property","διαθήκη, παρακαταθήκη, ἀντίγραφον","diplomatic alliance, international alliance, royal testament"
Grk. Insc. 10024,"[Oἱ] κ̣ατὰ τὴν διαθήκην
[τ]ὴν Ζωτίχου τετειμη-
μένοι Γλαύκιππον Ζω-
τίχου μετὰ τῶν τέκνων
ἐπιδόντα αὐτοῖς δραχμὰς
δισχειλίας τῆς εἰς αὐτοὺς
τειμῆς ἕνεκεν",Greek,,False,"child, heir, testament formula, testamentary intent","46059, Inheritance, Property, Testaments","διαθήκη, τιμή, ἐπιδίδωμι",
Gort. 7,"ἐ͂ κ’ ἀποθάνεˉι ἀνὲˉρ ἒˉ γυν ά, αἰ μέν κ’ ἐ͂ι τέκ̣ν̣α ἒˉ ἐς τέ κνοˉν τέκν̣α̣ ἒˉ ἐς τούτοˉν τέ κνα, τούτος ἔκε[ν] τὰ κρέˉμα τα. {²palmula}² αἰ δέ κα̣ μέˉτις ἐ͂ι τούτοˉ ν, ἀ{α}δελπιοὶ {²⁶ἀδελπιοὶ}²⁶ δὲ το͂ ἀποθανόν τος κἐˉκς ἀδε[λ]πιο͂ν τέκν α ἒˉ ἐς τούτοˉν τέκνα, τούτ ος ἔκεν τὰ κρέˉματα. {²palmula}² αἰ δέ κα μέˉτις ἐ͂ι τούτοˉν, ἀδευπιαὶ δ ὲ το͂ ἀποθανόντος κἐˉς ταυτ ᾶν τέκνα ἒˉ ἐς το͂ν τέκνοˉν τέ κνα, τούτος ἔκεν τὰ κρέˉμα τα. {²palmula}² αἰ δέ κα μέˉτις ἐ͂ι τούτοˉν, οἶς κ’ ἐπιβάλλεˉι ὄποˉ κ’ ἐ͂ι τὰ κρ έˉματα̣, τούτος ἀναιλε͂θθα ι. {²palmula}² αἰ δὲ μὲˉ εἶεν ἐπιβάλλοντε ς, τᾶς ϝοικίας οἴτινές κ’ ἴοˉντι ὀ κλᾶρος, τούτονς ἔ κεν τὰ κρέˉματα. vac. αἰ δέ κ’ οἰ ἐπιβάλλοντες οἰ μὲν λεί οˉντι δατε͂θθαι τὰ κρέˉματ α, οἰ δὲ μέˉ, δικάκσαι τὸν δι καστὰν ἐπὶ τοῖλ λείονσι δ ατε͂θθαι ἔˉμεˉν τὰ κρέˉματα π άντα πρίν κα δάττονται. vac. αἰ δέ κα δικάκσαντος το͂ δ ικαστᾶ κάρτει ἐνσείεˉι ἒˉ ἄ γεˉι ἒˉ πέρεˉι, δέκα στατε͂ραν ς καταστασεῖ καὶ το͂ κρέˉι ος διπλεῖ. vac. τνατο͂ν δὲ καὶ καρ πο͂ καὶ ϝέˉμας κἀνπιδέˉμας κ ἐˉπιπολαίοˉν κρεˉμάτοˉν αἴ κα μ ὲˉ λείοˉντι δατέˉ̣θ̣[θαι, τὸ]ν̣ δ̣ [ικαστ]ὰν ὀμνύντα κρῖνα ι πορτὶ τὰ μοˉλιόμενα. vac. [α]ἰ [δ] έ κα κρέˉματα δατιόμενοι μὲˉ συνγιγνόˉσκοˉντι ἀν πὶ τὰν δαῖσιν, ὀˉνε͂ν τὰ κρέˉμ ατα· κὄˉς κα πλεῖστον διδ ο͂ι ἀποδόμενοι τᾶν τιμᾶν δια[λ]ακόντοˉν τὰν ἐπαβο λὰν ϝέκαστος. {²palmula}² δατιομέ νοιδ δὲ κρέˉματα μαίτυρα νς παρέˉμεˉν δρομέανς ἐλε υθέρονς τρίινς ἒˉ πλίανς.",Greek,,False,"Inheritance priority, brother, child, co-heirs, country property, court officer, degrees of kinship, division of estate before death, fine, grandchild, heir, immovable property, intestacy, intestate succession, livestock, property, serf, shared inheritance, sister, woman","Classes of Heirs, Intestacy, Women Inheritance Rights","δατέομαι, ματροῖα, μοῖρα, χρήματα, ἀποδατέομαι","division of inheritance, division of property, judge"
Gort. 9,"ἐ͂ κ’ ἀποθάνεˉι ἀνὲˉρ ἒˉ γυνά, αἰ μέν κ’ ἐ͂ι τέκ̣ν̣α ἒˉ ἐς τέκνοˉν τέκν̣α̣ ἒˉ ἐς τούτοˉν τέκνα, τούτος ἔκε[ν] τὰ κρέˉματα. {²palmula}² αἰ δέ κα̣ μέˉτις ἐ͂ι τούτοˉν, ἀ{α}δελπιοὶ {²⁶ἀδελπιοὶ}²⁶ δὲ το͂ ἀποθανόντος κἐˉκς ἀδε[λ]πιο͂ν τέκνα ἒˉ ἐς τούτοˉν τέκνα, τούτος ἔκεν τὰ κρέˉματα. {²palmula}² αἰ δέ κα μέˉτις ἐ͂ι τούτοˉν, ἀδευπιαὶ δὲ το͂ ἀποθανόντος κἐˉς ταυτᾶν τέκνα ἒˉ ἐς το͂ν τέκνοˉν τέκνα, τούτος ἔκεν τὰ κρέˉματα. {²palmula}² αἰ δέ κα μέˉτις ἐ͂ι τούτοˉν, οἶς κ’ ἐπιβάλλεˉι ὄποˉ κ’ ἐ͂ι τὰ κρέˉματα̣, τούτος ἀναιλε͂θθαι. {²palmula}² αἰ δὲ μὲˉ εἶεν ἐπιβάλλοντες, τᾶς ϝοικίας οἴτινές κ’ ἴοˉντι ὀ κλᾶρος, τούτονς ἔκεν τὰ κρέˉματα. vac. αἰ δέ κ’ οἰ ἐπιβάλλοντες οἰ μὲν λείοˉντι δατε͂θθαι τὰ κρέˉματα, οἰ δὲ μέˉ, δικάκσαι τὸν δικαστὰν ἐπὶ τοῖλ λείονσι δατε͂θθαι ἔˉμεˉν τὰ κρέˉματα πάντα πρίν κα δάττονται. vac. αἰ δέ κα δικάκσαντος το͂ δικαστᾶ κάρτει ἐνσείεˉι ἒˉ ἄγεˉι ἒˉ πέρεˉι, δέκα στατε͂ρανς καταστασεῖ καὶ το͂ κρέˉιος διπλεῖ. vac. τνατο͂ν δὲ καὶ καρπο͂ καὶ ϝέˉμας κἀνπιδέˉμας κἐˉπιπολαίοˉν κρεˉμάτοˉν αἴ κα μὲˉ λείοˉντι δατέˉ̣θ̣[θαι, τὸ]ν̣ δ̣[ικαστ]ὰν ὀμνύντα κρῖναι πορτὶ τὰ μοˉλιόμενα. vac. [α]ἰ [δ]έ κα κρέˉματα δατιόμενοι μὲˉ συνγιγνόˉσκοˉντι ἀνπὶ τὰν δαῖσιν, ὀˉνε͂ν τὰ κρέˉματα· κὄˉς κα πλεῖστον διδο͂ι ἀποδόμενοι τᾶν τιμᾶν δια[λ]ακόντοˉν τὰν ἐπαβολὰν ϝέκαστος. {²palmula}² δατιομένοιδ δὲ κρέˉματα μαίτυρανς παρέˉμεˉν δρομέανς ἐλευθέρονς τρίινς ἒˉ πλίανς. ",Greek,,False,"brother, child, grandchild, sister","Classes of Heirs, Intestacy","κλῆρος, ἐπιβάλλω",
Jos.W. 2 93,"Τότε μὲν οὖν Καῖσαρ ἀκούσας ἑκατέρων διέλυσε τὸ συνέδριον, μετὰ δʼ ἡμέρας ὀλίγας τὸ μὲν ἥμισυ τῆς βασιλείας Ἀρχελάῳ δίδωσιν ἐθνάρχην προσειπών, ὑποσχόμενος δὲ καὶ βασιλέα ποιήσειν,",Greek,,False,"co-heirs, consilium principis, disputed inheritance, firstborn, heir, inheritance conflict, legatum, office, order of succession, paternal estate, procedural law, shared inheritance, son, succession disputes","46118, Provincial Government ","βασιλεία, διαλύω, συνέδριον, σύνεδριον, ἐθνάρχης","partition of kingdom, royal succession"
Jos.W. 2 94,"εἰ ἄξιον ἑαυτὸν παράσχοι, τὸ δὲ λοιπὸν ἥμισυ διελὼν εἰς δύο τετραρχίας δυσὶν ἑτέροις παισὶν Ἡρώδου δίδωσιν, τὴν μὲν Φιλίππῳ, τὴν δὲ Ἀντίπᾳ τῷ πρὸς Ἀρχέλαον ἀμφισβητοῦντι περὶ τῆς βασιλείας.",Greek,,False,"brother, co-heirs, disputed inheritance, firstborn, heir, inheritance conflict, legatum, order of succession, paternal estate, property, shared inheritance, son, succession disputes, tax collectors","46118, Classes of Heirs, Courts and Procedure, Inheritance, Provincial Government , Testaments","βασιλεία, διαιρέω, τετραρχία, ἀμφισβήτησις, ἀμφισβητέω",
Jos.W. 2 95,"ἐγένετο δὲ ὑπὸ τούτῳ μὲν ἥ τε Περαία καὶ Γαλιλαία, πρόσοδος διακόσια τάλαντα, Βατανέα δὲ καὶ Τράχων Αὐρανῖτίς τε καὶ μέρη τινὰ τοῦ Ζήνωνος οἴκου τὰ περὶ ἰννάνω, πρόσοδον ἔχοντα ταλάντων ἑκατόν, ὑπὸ Φιλίππῳ τέτακτο.",Greek,,False,"boundaries of property, brother, co-heirs, country property, disputed inheritance, firstborn, heir, inheritance conflict, order of succession, paternal estate, property, shared inheritance, son, specification of assets, succession disputes, tax collectors, taxes","46118, Provincial Government , Taxation, Testaments",πρόσοδος,"revenue, territorial division, territory"
Jos.W. 2 98,"Σαλώμη δὲ πρὸς οἷς ὁ βασιλεὺς ἐν ταῖς διαθήκαις κατέλιπεν Ἰαμνείας τε καὶ Ἀζώτου καὶ Φασαηλίδος ἀποδείκνυται δεσπότις, χαρίζεται δʼ αὐτῇ Καῖσαρ καὶ τὰ ἐν Ἀσκάλωνι βασίλεια· συνήγετο δʼ ἐκ πάντων ἑξήκοντα προσόδου τάλαντα· τὸν δὲ οἶκον αὐτῆς ὑπὸ τὴν Ἀρχελάου τοπαρχίαν ἔταξεν.",Greek,,False,"Gift vs. Inheritance, Testamentary Heir, bequeathal clause, boundaries of property, brother, country property, currency, female succession, gift, heir, house in the city, immovable property, legatum, practice in province, property, shared inheritance, sister, specification of assets, succession disputes, supplements to a will, tax collectors, testament formula, woman","46118, Legacies, Provincial Government , Taxation, Testaments","βασιλεία, δεσπότης, δεσπότις, διαθήκη, καταλείπω, καταλιμπάνω, πρόσοδος, χαρίζω",imperial grant
Jos.W. 2 99,τῆς δʼ ἄλλης Ἡρώδου γενεᾶς ἕκαστος τὸ καταλειφθὲν ἐν ταῖς διαθήκαις ἐκομίζετο. δυσὶ δʼ αὐτοῦ θυγατράσι παρθένοις Καῖσαρ ἔξωθεν χαρίζεται πεντήκοντα μυριάδας ἀργυρίου καὶ συνῴκισεν αὐτὰς τοῖς Φερώρα παισίν.,Greek,,False,"Gift vs. Inheritance, Testamentary Heir, bequeathal clause, daughter, disputed inheritance, dowry property, gift, gift after death, heir, legatum, marriage conditions, marriage contract, marriage presents, order of succession, shared inheritance, specification of assets, succession disputes, tax collectors","46118, Legacies, Marriage, Provisions for Children, Testaments","διαθήκη, καταλιμπάνω, συνοικίζω, χαρίζομαι, χαρίζω",
Jos.W. 2 100,"μετὰ δὲ τὸν οἶκον ἐπιδιένειμεν αὐτοῖς τὴν ἑαυτῷ καταλειφθεῖσαν ὑφʼ Ἡρώδου δωρεὰν οὖσαν χιλίων ταλάντων, εὐτελῆ τινα τῶν κειμηλίων εἰς τὴν τοῦ κατοιχομένου τιμὴν ἐξελόμενος.",Greek,,False,"Gift vs. Inheritance, co-heirs, daughter, deathbed gift, gift, gift after death, heir, inheritance conflict, legatum, shared inheritance, specification of assets, succession disputes, tax collectors","46118, Legacies","διανέμω, δωρεά, δωρεὰ, καταλιμπάνω, κείμηλον, κειμήλιον","estate distribution, heirloom, redistribution of bequest"
